,User,Date,Tweet text,Compound,Positive,Neutral,Negative,Tweet Count
0,@APTA_Transit,Mon Apr 16 21:11:54 +0000 2018,"RT @ASCEKristina: On the road again... DC Tues for @ACEC_National awards, Las Cruces Wed/Thur for NM transpo conf (&amp; green chile üòã), Fort W‚Ä¶",0.459,0.115,0.885,0.0,0
1,@APTA_Transit,Mon Apr 16 17:05:41 +0000 2018,"RT @ASCEKristina: On the road again... DC Tues for @ACEC_National awards, Las Cruces Wed/Thur for NM transpo conf (&amp; green chile üòã), Fort W‚Ä¶",0.459,0.115,0.885,0.0,1
2,@APTA_Transit,Mon Apr 16 16:01:11 +0000 2018,"RT @ASCEKristina: On the road again... DC Tues for @ACEC_National awards, Las Cruces Wed/Thur for NM transpo conf (&amp; green chile üòã), Fort W‚Ä¶",0.459,0.115,0.885,0.0,2
3,@APTA_Transit,Mon Apr 16 15:49:11 +0000 2018,"RT @ASCEKristina: On the road again... DC Tues for @ACEC_National awards, Las Cruces Wed/Thur for NM transpo conf (&amp; green chile üòã), Fort W‚Ä¶",0.459,0.115,0.885,0.0,3
4,@APTA_Transit,Mon Apr 16 15:47:25 +0000 2018,"On the road again... DC Tues for @ACEC_National awards, Las Cruces Wed/Thur for NM transpo conf (&amp; green chile üòã),‚Ä¶ https://t.co/tIKublM19D",0.459,0.13,0.87,0.0,4
5,@APTA_Transit,Mon Apr 16 13:01:42 +0000 2018,#MondayMotivation Communities that invest in public transit reduce US carbon emissions by 37mil metric tons yearly.‚Ä¶ https://t.co/4MvPVPHmrZ,0.0,0.0,1.0,0.0,5
6,@APTA_Transit,Sun Apr 15 17:14:28 +0000 2018,"RT @TheRapid: Transit-oriented development strengthens communities: https://t.co/0haDJnxXsR #Voices4Transit
@APTA_Transit https://t.co/pFzL‚Ä¶",0.459,0.25,0.75,0.0,6
7,@APTA_Transit,Sun Apr 15 15:40:54 +0000 2018,"RT @APTA_Transit: From coast to coast, public transportation is connecting communities and riders each and every day. RT our post and tell‚Ä¶",0.0,0.0,1.0,0.0,7
8,@APTA_Transit,Sun Apr 15 13:54:09 +0000 2018,RT @ridetarc: Boom! ü•áTampa here we come...@APTA_Transit https://t.co/GqjX4L7c5o,0.0,0.0,1.0,0.0,8
9,@APTA_Transit,Sun Apr 15 13:46:01 +0000 2018,Boom! ü•áTampa here we come...@APTA_Transit https://t.co/GqjX4L7c5o,0.0,0.0,1.0,0.0,9
10,@APTA_Transit,Sat Apr 14 22:37:40 +0000 2018,RT @APTA_Transit: Congratulations to @RideKCTransit on their newly awarded grant for Bus Rapid Transit! https://t.co/BVuWJFGAMv,0.855,0.439,0.561,0.0,10
11,@APTA_Transit,Sat Apr 14 21:45:00 +0000 2018,RT @APTA_Transit: Congratulations to @RideKCTransit on their newly awarded grant for Bus Rapid Transit! https://t.co/BVuWJFGAMv,0.855,0.439,0.561,0.0,11
12,@APTA_Transit,Sat Apr 14 20:44:53 +0000 2018,@SaludAmerica @SafeRoutesNow @SafeSpacesDC @Praxis_Project @GasolFoundation @ClimateMayors @NALEO @SecElaineChao‚Ä¶ https://t.co/Uo5zVpfjLa,0.0,0.0,1.0,0.0,12
13,@APTA_Transit,Fri Apr 13 22:24:52 +0000 2018,Join me in telling #Congress  2 pass increased public transportation funding this year!  https://t.co/3TgILjpIUQ‚Ä¶ https://t.co/bOSn77NZoq,0.556,0.277,0.723,0.0,13
14,@APTA_Transit,Fri Apr 13 20:48:49 +0000 2018,RT @APTA_Transit: Public transportation supports jobs in more ways than one.  It creates jobs by attracting investments near public transit‚Ä¶,0.772,0.312,0.688,0.0,14
15,@APTA_Transit,Fri Apr 13 19:58:37 +0000 2018,"RT @APTA_Transit: From coast to coast, public transportation is connecting communities and riders each and every day. RT our post and tell‚Ä¶",0.0,0.0,1.0,0.0,15
16,@APTA_Transit,Fri Apr 13 19:13:28 +0000 2018,RT @PeterVarga_: Yesterday the TSA VIPR team came to Rapid Central Station. They are a great asset to our public transit security. Interact‚Ä¶,0.84,0.321,0.679,0.0,16
17,@APTA_Transit,Fri Apr 13 19:01:51 +0000 2018,Yesterday the TSA VIPR team came to Rapid Central Station. They are a great asset to our public transit security. I‚Ä¶ https://t.co/KepxRZsM5F,0.84,0.333,0.667,0.0,17
18,@APTA_Transit,Fri Apr 13 18:57:04 +0000 2018,"RT @APTA_Transit: From coast to coast, public transportation is connecting communities and riders each and every day. RT our post and tell‚Ä¶",0.0,0.0,1.0,0.0,18
19,@APTA_Transit,Fri Apr 13 16:17:55 +0000 2018,"RT @APTA_Transit: From coast to coast, public transportation is connecting communities and riders each and every day. RT our post and tell‚Ä¶",0.0,0.0,1.0,0.0,19
20,@APTA_Transit,Fri Apr 13 15:58:23 +0000 2018,"RT @APTA_Transit: From coast to coast, public transportation is connecting communities and riders each and every day. RT our post and tell‚Ä¶",0.0,0.0,1.0,0.0,20
21,@APTA_Transit,Fri Apr 13 15:15:51 +0000 2018,@BrentToderian @TransLink @grescoe @FreeRangeKids @5kids1condo @theoverheadwire @MassTransitmag @APTA_Transit Congr‚Ä¶ https://t.co/rHLBJLNEMo,0.0,0.0,1.0,0.0,21
22,@APTA_Transit,Fri Apr 13 15:02:28 +0000 2018,"RT @APTA_Transit: From coast to coast, public transportation is connecting communities and riders each and every day. RT our post and tell‚Ä¶",0.0,0.0,1.0,0.0,22
23,@APTA_Transit,Fri Apr 13 14:52:14 +0000 2018,"RT @APTA_Transit: From coast to coast, public transportation is connecting communities and riders each and every day. RT our post and tell‚Ä¶",0.0,0.0,1.0,0.0,23
24,@APTA_Transit,Fri Apr 13 14:33:16 +0000 2018,"RT @APTA_Transit: From coast to coast, public transportation is connecting communities and riders each and every day. RT our post and tell‚Ä¶",0.0,0.0,1.0,0.0,24
25,@APTA_Transit,Fri Apr 13 14:07:13 +0000 2018,"RT @APTA_Transit: From coast to coast, public transportation is connecting communities and riders each and every day. RT our post and tell‚Ä¶",0.0,0.0,1.0,0.0,25
26,@APTA_Transit,Fri Apr 13 13:48:03 +0000 2018,"RT @APTA_Transit: From coast to coast, public transportation is connecting communities and riders each and every day. RT our post and tell‚Ä¶",0.0,0.0,1.0,0.0,26
27,@APTA_Transit,Fri Apr 13 13:46:10 +0000 2018,"RT @APTA_Transit: From coast to coast, public transportation is connecting communities and riders each and every day. RT our post and tell‚Ä¶",0.0,0.0,1.0,0.0,27
28,@APTA_Transit,Fri Apr 13 13:07:29 +0000 2018,"RT @APTA_Transit: From coast to coast, public transportation is connecting communities and riders each and every day. RT our post and tell‚Ä¶",0.0,0.0,1.0,0.0,28
29,@APTA_Transit,Fri Apr 13 09:01:53 +0000 2018,"@BrentToderian @TransLink @grescoe @FreeRangeKids @5kids1condo @theoverheadwire @MassTransitmag @APTA_Transit ""...‚Ä¶ https://t.co/WzX5wiZh7w",0.0,0.0,1.0,0.0,29
30,@APTA_Transit,Fri Apr 13 08:19:22 +0000 2018,@BrentToderian @TransLink @grescoe @FreeRangeKids @5kids1condo @theoverheadwire @MassTransitmag @APTA_Transit Congr‚Ä¶ https://t.co/8I4qquXj0j,0.0,0.0,1.0,0.0,30
31,@APTA_Transit,Fri Apr 13 05:17:57 +0000 2018,@Skarinathan @BrentToderian @UrbanEdm @TransLink @grescoe @FreeRangeKids @5kids1condo @theoverheadwire‚Ä¶ https://t.co/3Ijo6YLvni,0.0,0.0,1.0,0.0,31
32,@APTA_Transit,Fri Apr 13 04:08:21 +0000 2018,@GahertySandra @BrentToderian @UrbanEdm @TransLink @grescoe @FreeRangeKids @5kids1condo @theoverheadwire‚Ä¶ https://t.co/oKmWzI340f,0.0,0.0,1.0,0.0,32
33,@APTA_Transit,Fri Apr 13 03:19:15 +0000 2018,RT @GahertySandra: @BrentToderian @UrbanEdm @TransLink @grescoe @FreeRangeKids @5kids1condo @theoverheadwire @MassTransitmag @APTA_Transit‚Ä¶,0.0,0.0,1.0,0.0,33
34,@APTA_Transit,Fri Apr 13 03:05:40 +0000 2018,RT @GahertySandra: @BrentToderian @UrbanEdm @TransLink @grescoe @FreeRangeKids @5kids1condo @theoverheadwire @MassTransitmag @APTA_Transit‚Ä¶,0.0,0.0,1.0,0.0,34
35,@APTA_Transit,Fri Apr 13 02:34:32 +0000 2018,@BrentToderian @UrbanEdm @TransLink @grescoe @FreeRangeKids @5kids1condo @theoverheadwire @MassTransitmag‚Ä¶ https://t.co/vU6498v4ZG,0.0,0.0,1.0,0.0,35
36,@APTA_Transit,Thu Apr 12 17:04:28 +0000 2018,@BrentToderian @TransLink @grescoe @FreeRangeKids @5kids1condo @theoverheadwire @MassTransitmag @APTA_Transit Beaut‚Ä¶ https://t.co/8ibh7fTH86,0.0,0.0,1.0,0.0,36
37,@APTA_Transit,Thu Apr 12 16:37:32 +0000 2018,RT @APTA_Transit: Congratulations to @RideKCTransit on their newly awarded grant for Bus Rapid Transit! https://t.co/BVuWJFGAMv,0.855,0.439,0.561,0.0,37
38,@APTA_Transit,Thu Apr 12 15:37:38 +0000 2018,RT @NADTCmobility: It‚Äôs great to be a part of the inclusive UTC #transportation #research conversation at #NationalMobilitySummit in DC tod‚Ä¶,0.625,0.186,0.814,0.0,38
39,@APTA_Transit,Thu Apr 12 15:33:58 +0000 2018,"RT @TheRapid: Did you know? Households in transit-oriented neighborhoods spend, on average, 15% of their income on transportation, compared‚Ä¶",0.0,0.0,1.0,0.0,39
40,@APTA_Transit,Thu Apr 12 15:33:24 +0000 2018,RT @APTA_Transit: Congratulations to @RideKCTransit on their newly awarded grant for Bus Rapid Transit! https://t.co/BVuWJFGAMv,0.855,0.439,0.561,0.0,40
41,@APTA_Transit,Thu Apr 12 15:16:35 +0000 2018,RT @NADTCmobility: It‚Äôs great to be a part of the inclusive UTC #transportation #research conversation at #NationalMobilitySummit in DC tod‚Ä¶,0.625,0.186,0.814,0.0,41
42,@APTA_Transit,Thu Apr 12 15:06:14 +0000 2018,RT @NADTCmobility: It‚Äôs great to be a part of the inclusive UTC #transportation #research conversation at #NationalMobilitySummit in DC tod‚Ä¶,0.625,0.186,0.814,0.0,42
43,@APTA_Transit,Thu Apr 12 14:54:38 +0000 2018,It‚Äôs great to be a part of the inclusive UTC #transportation #research conversation at #NationalMobilitySummit in D‚Ä¶ https://t.co/I5PzONjhZC,0.625,0.204,0.796,0.0,43
44,@APTA_Transit,Thu Apr 12 14:48:27 +0000 2018,¬°movimet | movilidad metropolitana est√° disponible! https://t.co/RFMHyfIsDR Gracias a @gobmx @APTA_Transit‚Ä¶ https://t.co/0AZkcCPhI7,0.0,0.0,1.0,0.0,44
45,@APTA_Transit,Thu Apr 12 14:25:24 +0000 2018,@BrentToderian @TransLink @grescoe @FreeRangeKids @5kids1condo @theoverheadwire @MassTransitmag @APTA_Transit We wa‚Ä¶ https://t.co/LJrLOxWf95,0.0,0.0,1.0,0.0,45
46,@APTA_Transit,Thu Apr 12 14:05:20 +0000 2018,"Did you know? Households in transit-oriented neighborhoods spend, on average, 15% of their income on transportation‚Ä¶ https://t.co/gf8Ll3dYx1",0.0,0.0,1.0,0.0,46
47,@APTA_Transit,Thu Apr 12 13:05:17 +0000 2018,RT @APTA_Transit: Congratulations to @RideKCTransit on their newly awarded grant for Bus Rapid Transit! https://t.co/BVuWJFGAMv,0.855,0.439,0.561,0.0,47
48,@APTA_Transit,Thu Apr 12 11:15:16 +0000 2018,These public transportation of bus is so disgusting people are being harassed by man. Especially teen girls are bei‚Ä¶ https://t.co/2Wcrvvein5,-0.834,0.0,0.696,0.304,48
49,@APTA_Transit,Thu Apr 12 08:52:05 +0000 2018,@BrentToderian @TransLink @grescoe @FreeRangeKids @5kids1condo @theoverheadwire @MassTransitmag @APTA_Transit Congr‚Ä¶ https://t.co/PindzRLO94,0.0,0.0,1.0,0.0,49
50,@APTA_Transit,Thu Apr 12 05:07:14 +0000 2018,RT @APTA_Transit: Congratulations to @RideKCTransit on their newly awarded grant for Bus Rapid Transit! https://t.co/BVuWJFGAMv,0.855,0.439,0.561,0.0,50
51,@APTA_Transit,Thu Apr 12 02:50:35 +0000 2018,RT @APTA_Transit: Public transportation supports jobs in more ways than one.  It creates jobs by attracting investments near public transit‚Ä¶,0.772,0.312,0.688,0.0,51
52,@APTA_Transit,Wed Apr 11 23:40:30 +0000 2018,@BrentToderian @TransLink @grescoe @FreeRangeKids @5kids1condo @theoverheadwire @MassTransitmag @APTA_Transit We br‚Ä¶ https://t.co/CHm0cwsPGy,0.0,0.0,1.0,0.0,52
53,@APTA_Transit,Wed Apr 11 21:48:32 +0000 2018,RT @APTA_Transit: Public transportation supports jobs in more ways than one.  It creates jobs by attracting investments near public transit‚Ä¶,0.772,0.312,0.688,0.0,53
54,@APTA_Transit,Wed Apr 11 21:26:56 +0000 2018,RT @APTA_Transit: Public transportation supports jobs in more ways than one.  It creates jobs by attracting investments near public transit‚Ä¶,0.772,0.312,0.688,0.0,54
55,@APTA_Transit,Wed Apr 11 21:26:32 +0000 2018,RT @APTA_Transit: Congratulations to @RideKCTransit on their newly awarded grant for Bus Rapid Transit! https://t.co/BVuWJFGAMv,0.855,0.439,0.561,0.0,55
56,@APTA_Transit,Wed Apr 11 20:26:51 +0000 2018,RT @APTA_Transit: Public transportation supports jobs in more ways than one.  It creates jobs by attracting investments near public transit‚Ä¶,0.772,0.312,0.688,0.0,56
57,@APTA_Transit,Wed Apr 11 20:17:27 +0000 2018,RT @APTA_Transit: Public transportation supports jobs in more ways than one.  It creates jobs by attracting investments near public transit‚Ä¶,0.772,0.312,0.688,0.0,57
58,@APTA_Transit,Wed Apr 11 20:11:49 +0000 2018,@BrentToderian @TransLink @grescoe @FreeRangeKids @5kids1condo @theoverheadwire @MassTransitmag @APTA_Transit You c‚Ä¶ https://t.co/uJM86r5zHQ,0.0,0.0,1.0,0.0,58
59,@APTA_Transit,Wed Apr 11 19:37:18 +0000 2018,@BrentToderian @TransLink @grescoe @FreeRangeKids @5kids1condo @theoverheadwire @MassTransitmag @APTA_Transit Congr‚Ä¶ https://t.co/vDd3Yp5vE1,0.0,0.0,1.0,0.0,59
60,@APTA_Transit,Wed Apr 11 16:16:10 +0000 2018,@BrentToderian @TransLink @grescoe @FreeRangeKids @5kids1condo @theoverheadwire @MassTransitmag @APTA_Transit Live‚Ä¶ https://t.co/FpWYE9kHqt,0.0,0.0,1.0,0.0,60
61,@APTA_Transit,Wed Apr 11 15:14:28 +0000 2018,"@BrentToderian @TransLink @grescoe @FreeRangeKids @5kids1condo @theoverheadwire @MassTransitmag @APTA_Transit Mazeltov, Brent!!!",0.0,0.0,1.0,0.0,61
62,@APTA_Transit,Wed Apr 11 14:37:05 +0000 2018,RT @APTA_Transit: Public transportation supports jobs in more ways than one.  It creates jobs by attracting investments near public transit‚Ä¶,0.772,0.312,0.688,0.0,62
63,@APTA_Transit,Wed Apr 11 13:57:07 +0000 2018,RT @APTA_Transit: Public transportation supports jobs in more ways than one.  It creates jobs by attracting investments near public transit‚Ä¶,0.772,0.312,0.688,0.0,63
64,@APTA_Transit,Wed Apr 11 13:01:43 +0000 2018,RT @APTA_Transit: Public transportation supports jobs in more ways than one.  It creates jobs by attracting investments near public transit‚Ä¶,0.772,0.312,0.688,0.0,64
65,@APTA_Transit,Wed Apr 11 11:52:06 +0000 2018,@TTChelps @canuck_issues @APTA_Transit @JohnTory @TorontoComms @TorontoStar @CTVToronto @torontolife Too late. I'm‚Ä¶ https://t.co/63oKE1JDOI,0.0,0.0,1.0,0.0,65
66,@APTA_Transit,Wed Apr 11 11:49:59 +0000 2018,RT @APTA_Transit: Public transportation supports jobs in more ways than one.  It creates jobs by attracting investments near public transit‚Ä¶,0.772,0.312,0.688,0.0,66
67,@APTA_Transit,Wed Apr 11 11:47:17 +0000 2018,@canuck_issues @APTA_Transit @JohnTory @TorontoComms @TorontoStar @CTVToronto @torontolife It's cleared. ^KM,0.103,0.135,0.865,0.0,67
68,@APTA_Transit,Wed Apr 11 11:26:45 +0000 2018,"RT @TheRapid: Transit-oriented development strengthens communities: https://t.co/0haDJnxXsR #Voices4Transit
@APTA_Transit https://t.co/pFzL‚Ä¶",0.459,0.25,0.75,0.0,68
69,@APTA_Transit,Wed Apr 11 11:26:23 +0000 2018,RT @APTA_Transit: Public transportation supports jobs in more ways than one.  It creates jobs by attracting investments near public transit‚Ä¶,0.772,0.312,0.688,0.0,69
70,@APTA_Transit,Tue Apr 10 20:11:01 +0000 2018,RT @APTA_Transit: Public transportation supports jobs in more ways than one.  It creates jobs by attracting investments near public transit‚Ä¶,0.772,0.312,0.688,0.0,70
71,@APTA_Transit,Tue Apr 10 17:49:31 +0000 2018,RT @APTA_Transit: Public transportation supports jobs in more ways than one.  It creates jobs by attracting investments near public transit‚Ä¶,0.772,0.312,0.688,0.0,71
72,@APTA_Transit,Tue Apr 10 17:25:04 +0000 2018,#mobility is here to stay. @APTA_Transit trying to turn the oldest ship in the #SmartCities fleet: Public #transit‚Ä¶ https://t.co/gEjZ95BhrL,0.0,0.0,1.0,0.0,72
73,@APTA_Transit,Tue Apr 10 16:47:47 +0000 2018,RT @APTA_Transit: Public transportation supports jobs in more ways than one.  It creates jobs by attracting investments near public transit‚Ä¶,0.772,0.312,0.688,0.0,73
74,@APTA_Transit,Tue Apr 10 16:02:11 +0000 2018,RT @APTA_Transit: Public transportation supports jobs in more ways than one.  It creates jobs by attracting investments near public transit‚Ä¶,0.772,0.312,0.688,0.0,74
75,@APTA_Transit,Tue Apr 10 16:02:00 +0000 2018,RT @APTA_Transit: Public transportation supports jobs in more ways than one.  It creates jobs by attracting investments near public transit‚Ä¶,0.772,0.312,0.688,0.0,75
76,@APTA_Transit,Tue Apr 10 15:43:30 +0000 2018,RT @APTA_Transit: https://t.co/iNuedb2jYw,0.0,0.0,1.0,0.0,76
77,@APTA_Transit,Tue Apr 10 14:55:00 +0000 2018,RT @APTA_Transit: Public transportation supports jobs in more ways than one.  It creates jobs by attracting investments near public transit‚Ä¶,0.772,0.312,0.688,0.0,77
78,@APTA_Transit,Tue Apr 10 14:44:02 +0000 2018,RT @APTA_Transit: Public transportation supports jobs in more ways than one.  It creates jobs by attracting investments near public transit‚Ä¶,0.772,0.312,0.688,0.0,78
79,@APTA_Transit,Tue Apr 10 13:39:22 +0000 2018,RT @APTA_Transit: Public transportation supports jobs in more ways than one.  It creates jobs by attracting investments near public transit‚Ä¶,0.772,0.312,0.688,0.0,79
80,@APTA_Transit,Tue Apr 10 13:35:40 +0000 2018,RT @APTA_Transit: Public transportation supports jobs in more ways than one.  It creates jobs by attracting investments near public transit‚Ä¶,0.772,0.312,0.688,0.0,80
81,@APTA_Transit,Tue Apr 10 13:29:04 +0000 2018,RT @APTA_Transit: Public transportation supports jobs in more ways than one.  It creates jobs by attracting investments near public transit‚Ä¶,0.772,0.312,0.688,0.0,81
82,@APTA_Transit,Tue Apr 10 06:18:41 +0000 2018,"RT @TheRapid: Transit-oriented development strengthens communities: https://t.co/0haDJnxXsR #Voices4Transit
@APTA_Transit https://t.co/pFzL‚Ä¶",0.459,0.25,0.75,0.0,82
83,@APTA_Transit,Tue Apr 10 02:53:52 +0000 2018,RT @CUTRUSF: Join us for our next CUTR Transportation Webcast:  Understanding the Effects of Demographic and Socio-Economic Factors on Publ‚Ä¶,0.296,0.104,0.896,0.0,83
84,@APTA_Transit,Tue Apr 10 01:36:23 +0000 2018,"RT @TheRapid: Transit-oriented development strengthens communities: https://t.co/0haDJnxXsR #Voices4Transit
@APTA_Transit https://t.co/pFzL‚Ä¶",0.459,0.25,0.75,0.0,84
85,@APTA_Transit,Tue Apr 10 01:36:12 +0000 2018,"RT @TheRapid: Transit-oriented development strengthens communities: https://t.co/0haDJnxXsR #Voices4Transit
@APTA_Transit https://t.co/pFzL‚Ä¶",0.459,0.25,0.75,0.0,85
86,@APTA_Transit,Tue Apr 10 00:56:30 +0000 2018,RT @APTA_Transit: https://t.co/iNuedb2jYw,0.0,0.0,1.0,0.0,86
87,@APTA_Transit,Mon Apr 09 23:35:06 +0000 2018,"Transit-oriented development strengthens communities: https://t.co/0haDJnxXsR #Voices4Transit
@APTA_Transit https://t.co/pFzLq8YB6M",0.459,0.3,0.7,0.0,87
88,@APTA_Transit,Mon Apr 09 23:16:36 +0000 2018,RT @APTA_Transit: https://t.co/iNuedb2jYw,0.0,0.0,1.0,0.0,88
89,@APTA_Transit,Mon Apr 09 21:29:40 +0000 2018,RT @APTA_Transit: https://t.co/iNuedb2jYw,0.0,0.0,1.0,0.0,89
90,@APTA_Transit,Mon Apr 09 21:08:15 +0000 2018,cc @narprail @ranbarton @PetraTodorovich @CommutingLarry @emmagf @railwaygazette @RailwayAge @lumintree‚Ä¶ https://t.co/kjMYRqOlTd,0.0,0.0,1.0,0.0,90
91,@APTA_Transit,Mon Apr 09 19:45:14 +0000 2018,Join us for our next CUTR Transportation Webcast:  Understanding the Effects of Demographic and Socio-Economic Fact‚Ä¶ https://t.co/WDtQTTxAg8,0.296,0.121,0.879,0.0,91
92,@APTA_Transit,Mon Apr 09 15:01:40 +0000 2018,@moovelUS launches FareShare transit benefits system at @APTA_Transit Conference. Take a look here: https://t.co/6MvaiUmoLt,0.382,0.178,0.822,0.0,92
93,@APTA_Transit,Mon Apr 09 14:57:55 +0000 2018,RT @APTA_Transit: We applaud Congress for standing up for public transit &amp; increasing investment in its 2018 budget.  Keep it up for 2019 a‚Ä¶,0.459,0.115,0.885,0.0,93
94,@APTA_Transit,Mon Apr 09 14:57:26 +0000 2018,RT @APTA_Transit: We applaud Congress for standing up for public transit &amp; increasing investment in its 2018 budget.  Keep it up for 2019 a‚Ä¶,0.459,0.115,0.885,0.0,94
95,@APTA_Transit,Mon Apr 09 14:54:14 +0000 2018,RT @APTA_Transit: We applaud Congress for standing up for public transit &amp; increasing investment in its 2018 budget.  Keep it up for 2019 a‚Ä¶,0.459,0.115,0.885,0.0,95
96,@APTA_Transit,Mon Apr 09 14:53:12 +0000 2018,RT @APTA_Transit: We applaud Congress for standing up for public transit &amp; increasing investment in its 2018 budget.  Keep it up for 2019 a‚Ä¶,0.459,0.115,0.885,0.0,96
97,@APTA_Transit,Mon Apr 09 14:49:52 +0000 2018,RT @APTA_Transit: We applaud Congress for standing up for public transit &amp; increasing investment in its 2018 budget.  Keep it up for 2019 a‚Ä¶,0.459,0.115,0.885,0.0,97
98,@APTA_Transit,Mon Apr 09 14:42:53 +0000 2018,RT @APTA_Transit: We applaud Congress for standing up for public transit &amp; increasing investment in its 2018 budget.  Keep it up for 2019 a‚Ä¶,0.459,0.115,0.885,0.0,98
99,@APTA_Transit,Mon Apr 09 13:01:39 +0000 2018,"#MondayMotivation According to @APTA_Transit, more than 50,731 jobs are created per $1 billion of investment in pub‚Ä¶ https://t.co/Kuk5Bb1JrQ",0.25,0.105,0.895,0.0,99
100,@SFBart,Tue Apr 17 03:29:07 +0000 2018,"@tejasmanohar @SFBART If this is considered an achievement I need to hear about some others on your list, haha",0.459,0.15,0.85,0.0,0
101,@SFBart,Tue Apr 17 03:25:59 +0000 2018,"RT @SFBART: The BART Police Citizen Review Board is in the process of recruiting a public-at-large appointee.
Members of the BPCRB work to‚Ä¶",0.0,0.0,1.0,0.0,1
102,@SFBart,Tue Apr 17 02:53:34 +0000 2018,"When NYC subways flash flood and continue to run, yet a ballon or a gentle sprinkling basically shuts down the Bay. *side eye* @SFBART",0.44,0.121,0.879,0.0,2
103,@SFBart,Tue Apr 17 02:52:58 +0000 2018,@smdailyjournal One of the regional rail possibilities I remain interested in is re-engineering the @flySFO spur so‚Ä¶ https://t.co/ciJ4x7Rw56,0.402,0.144,0.856,0.0,3
104,@SFBart,Tue Apr 17 02:45:25 +0000 2018,".@SFBART haikus:

It may induce rage
But at least it doesn't close
Before the game ends.

@wmata https://t.co/wHYCzU6SLJ",-0.557,0.0,0.825,0.175,4
105,@SFBart,Tue Apr 17 02:37:48 +0000 2018,Hey @SFBART there‚Äôs an arrivals display sign at Civic Center platform 2 tail end that‚Äôs been broken for some time. Any news on repairs?,-0.477,0.0,0.876,0.124,5
106,@SFBart,Tue Apr 17 02:31:48 +0000 2018,"RT @imanicezanne: Today at Lake Merrit BART station. 

‚ÄúI told you what to do. You didn‚Äôt do it. You kept moving around. You‚Äôre under arres‚Ä¶",0.0,0.0,1.0,0.0,6
107,@SFBart,Tue Apr 17 02:29:08 +0000 2018,"@SFBART just got off the train in San Bruno (9-car train, arrived at 7:28 pm). There‚Äôs a man walking throughout the‚Ä¶ https://t.co/boXfgLebc7",0.0,0.0,1.0,0.0,7
108,@SFBart,Tue Apr 17 02:28:53 +0000 2018,"RT @imanicezanne: Today at Lake Merrit BART station. 

‚ÄúI told you what to do. You didn‚Äôt do it. You kept moving around. You‚Äôre under arres‚Ä¶",0.0,0.0,1.0,0.0,8
109,@SFBart,Tue Apr 17 02:22:45 +0000 2018,"RT @imanicezanne: Today at Lake Merrit BART station. 

‚ÄúI told you what to do. You didn‚Äôt do it. You kept moving around. You‚Äôre under arres‚Ä¶",0.0,0.0,1.0,0.0,9
110,@SFBart,Tue Apr 17 02:17:43 +0000 2018,"RT @imanicezanne: Today at Lake Merrit BART station. 

‚ÄúI told you what to do. You didn‚Äôt do it. You kept moving around. You‚Äôre under arres‚Ä¶",0.0,0.0,1.0,0.0,10
111,@SFBart,Tue Apr 17 02:17:41 +0000 2018,"RT @imanicezanne: Today at Lake Merrit BART station. 

‚ÄúI told you what to do. You didn‚Äôt do it. You kept moving around. You‚Äôre under arres‚Ä¶",0.0,0.0,1.0,0.0,11
112,@SFBart,Tue Apr 17 02:06:06 +0000 2018,@SFBART just an observation from over the years. Everyone unfamiliar with Bart looks at the system map more than an‚Ä¶ https://t.co/OW92ce7Wf2,0.0,0.0,1.0,0.0,12
113,@SFBart,Tue Apr 17 01:48:00 +0000 2018,"@SFBART All trains headed south move pretty slow between West Oakland and Lake Merritt. After all these years, Y (n‚Ä¶ https://t.co/VBnitL4uOj",0.494,0.144,0.856,0.0,13
114,@SFBart,Tue Apr 17 01:47:50 +0000 2018,@SFBART when is the Antioch station going to open?,0.0,0.0,1.0,0.0,14
115,@SFBart,Tue Apr 17 01:46:54 +0000 2018,"RT @imanicezanne: Today at Lake Merrit BART station. 

‚ÄúI told you what to do. You didn‚Äôt do it. You kept moving around. You‚Äôre under arres‚Ä¶",0.0,0.0,1.0,0.0,15
116,@SFBart,Tue Apr 17 01:46:09 +0000 2018,"@thisissmithj @SFBART Eventually consistent, I'm sure.",0.318,0.315,0.685,0.0,16
117,@SFBart,Tue Apr 17 01:39:55 +0000 2018,"RT @OracleArena: Heads up #DubNation! üö®

There is a 7:05 pm @Athletics game at @OAColiseum tonight. 

Please arrive early or take @SFBART t‚Ä¶",0.38,0.115,0.885,0.0,17
118,@SFBart,Tue Apr 17 01:38:18 +0000 2018,"RT @OracleArena: Heads up #DubNation! üö®

There is a 7:05 pm @Athletics game at @OAColiseum tonight. 

Please arrive early or take @SFBART t‚Ä¶",0.38,0.115,0.885,0.0,18
119,@SFBart,Tue Apr 17 01:36:20 +0000 2018,"RT @imanicezanne: Today at Lake Merrit BART station. 

‚ÄúI told you what to do. You didn‚Äôt do it. You kept moving around. You‚Äôre under arres‚Ä¶",0.0,0.0,1.0,0.0,19
120,@SFBart,Tue Apr 17 01:33:17 +0000 2018,. @SFBART signs simultaneously announcing different trains on the same line. üôÑ https://t.co/U5K8Inm0j0,0.0,0.0,1.0,0.0,20
121,@SFBart,Tue Apr 17 01:30:16 +0000 2018,"RT @SFBART: The BART Police Citizen Review Board is in the process of recruiting a public-at-large appointee.
Members of the BPCRB work to‚Ä¶",0.0,0.0,1.0,0.0,21
122,@SFBart,Tue Apr 17 01:26:47 +0000 2018,@SFBART @RebeccaForBART Does one have to be a citizen to serve on the Review Board?,0.0,0.0,1.0,0.0,22
123,@SFBart,Tue Apr 17 01:22:16 +0000 2018,@SFBART I was standing at Powell and saw 4 hypodermic needles on the tracks. Wonder if you should issue a health ad‚Ä¶ https://t.co/rVjJNa2PeD,0.0,0.0,1.0,0.0,23
124,@SFBart,Tue Apr 17 01:19:38 +0000 2018,WARRIORS!! #WARRIORS!! @WARRIORS!! @OracleArena #DubNation #LockIn #Game2 #Round1 #omw @SFBART ü§ó #GoDubs‚Ä¶ https://t.co/XkWqe5bUc9,0.0,0.0,1.0,0.0,24
125,@SFBart,Tue Apr 17 01:05:03 +0000 2018,"@SFBART montegomery platform elevator 6pm. Looks like poop, smells like poop. Please take the elevator out of servi‚Ä¶ https://t.co/yTEK4uoa1v",0.743,0.313,0.687,0.0,25
126,@SFBart,Tue Apr 17 01:00:06 +0000 2018,Avez-vous faim? Check out these cozy French bistro restaurants near @SFBART https://t.co/6Pq9YIegpJ https://t.co/i3JS3PLFZb,0.0,0.0,1.0,0.0,26
127,@SFBart,Tue Apr 17 00:56:38 +0000 2018,"RT @OracleArena: Heads up #DubNation! üö®

There is a 7:05 pm @Athletics game at @OAColiseum tonight. 

Please arrive early or take @SFBART t‚Ä¶",0.38,0.115,0.885,0.0,27
128,@SFBart,Tue Apr 17 00:56:29 +0000 2018,"RT @OAColiseum: Heads up! üö®

There is a 7:30 pm @Warriors Playoff game at @OracleArena tonight. 

Please arrive early or take @SFBART to to‚Ä¶",0.38,0.11,0.89,0.0,28
129,@SFBart,Tue Apr 17 00:55:45 +0000 2018,RT @SFBART: @omaryak Flock it. I can‚Äôt take the punishment anymore. It‚Äôs too burdensome.,-0.718,0.0,0.647,0.353,29
130,@SFBart,Tue Apr 17 00:54:39 +0000 2018,@SFBART  Can‚Äôt u assign 1 cop to each station to patrol for drug use? Just saw woman sitting on MONT platform shooting up.,0.0,0.0,1.0,0.0,30
131,@SFBart,Tue Apr 17 00:54:22 +0000 2018,"RT @SFBART: The BART Police Citizen Review Board is in the process of recruiting a public-at-large appointee.
Members of the BPCRB work to‚Ä¶",0.0,0.0,1.0,0.0,31
132,@SFBart,Tue Apr 17 00:53:48 +0000 2018,@SFBART 10 car train? But it was really 9 cars... And screwed everyone waiting at the end of the platform. I couldn‚Ä¶ https://t.co/d8wzZNKZ3o,-0.537,0.0,0.852,0.148,32
133,@SFBart,Tue Apr 17 00:51:18 +0000 2018,@talldave @SFBART So excited to see a new train on the other side of the Bay!,0.456,0.176,0.824,0.0,33
134,@SFBart,Tue Apr 17 00:45:04 +0000 2018,"RT @OracleArena: Heads up #DubNation! üö®

There is a 7:05 pm @Athletics game at @OAColiseum tonight. 

Please arrive early or take @SFBART t‚Ä¶",0.38,0.115,0.885,0.0,34
135,@SFBart,Tue Apr 17 00:44:33 +0000 2018,"RT @OracleArena: Heads up #DubNation! üö®

There is a 7:05 pm @Athletics game at @OAColiseum tonight. 

Please arrive early or take @SFBART t‚Ä¶",0.38,0.115,0.885,0.0,35
136,@SFBart,Tue Apr 17 00:39:15 +0000 2018,"RT @OracleArena: Heads up #DubNation! üö®

There is a 7:05 pm @Athletics game at @OAColiseum tonight. 

Please arrive early or take @SFBART t‚Ä¶",0.38,0.115,0.885,0.0,36
137,@SFBart,Tue Apr 17 00:28:01 +0000 2018,"For all the money @SFBART gets every single day, I can't comprehend how they can't fix the AC (summer anyone?) and get working cameras.",0.0,0.0,1.0,0.0,37
138,@SFBart,Tue Apr 17 00:24:43 +0000 2018,@SFBART why does this keep happening? Display says 10 car train and yet the train pulls too far away from last door‚Ä¶ https://t.co/VaPkoGIKzz,0.0,0.0,1.0,0.0,38
139,@SFBart,Tue Apr 17 00:11:27 +0000 2018,@talldave @SFBART A new train?,0.0,0.0,1.0,0.0,39
140,@SFBart,Tue Apr 17 00:10:26 +0000 2018,"RT @OracleArena: Heads up #DubNation! üö®

There is a 7:05 pm @Athletics game at @OAColiseum tonight. 

Please arrive early or take @SFBART t‚Ä¶",0.38,0.115,0.885,0.0,40
141,@SFBart,Tue Apr 17 00:09:43 +0000 2018,@SFBART Thanks for the link! The escalator I‚Äôm concerned with - the up escalator on the Powell side - is not listed‚Ä¶ https://t.co/xiEUGjDxC7,0.493,0.138,0.862,0.0,41
142,@SFBart,Tue Apr 17 00:05:14 +0000 2018,"RT @SFBART: The BART Police Citizen Review Board is in the process of recruiting a public-at-large appointee.
Members of the BPCRB work to‚Ä¶",0.0,0.0,1.0,0.0,42
143,@SFBart,Mon Apr 16 23:50:35 +0000 2018,"RT @SFBART: The BART Police Citizen Review Board is in the process of recruiting a public-at-large appointee.
Members of the BPCRB work to‚Ä¶",0.0,0.0,1.0,0.0,43
144,@SFBart,Mon Apr 16 23:43:35 +0000 2018,"RT @SFBART: The BART Police Citizen Review Board is in the process of recruiting a public-at-large appointee.
Members of the BPCRB work to‚Ä¶",0.0,0.0,1.0,0.0,44
145,@SFBart,Mon Apr 16 23:34:07 +0000 2018,"RT @SFBART: The BART Police Citizen Review Board is in the process of recruiting a public-at-large appointee.
Members of the BPCRB work to‚Ä¶",0.0,0.0,1.0,0.0,45
146,@SFBart,Mon Apr 16 23:31:42 +0000 2018,"RT @OracleArena: Heads up #DubNation! üö®

There is a 7:05 pm @Athletics game at @OAColiseum tonight. 

Please arrive early or take @SFBART t‚Ä¶",0.38,0.115,0.885,0.0,46
147,@SFBart,Mon Apr 16 23:28:34 +0000 2018,"RT @SFBART: The BART Police Citizen Review Board is in the process of recruiting a public-at-large appointee.
Members of the BPCRB work to‚Ä¶",0.0,0.0,1.0,0.0,47
148,@SFBart,Mon Apr 16 23:28:28 +0000 2018,@SFBART Sorry couldn‚Äôt remember the Cart number :(,-0.44,0.124,0.476,0.4,48
149,@SFBart,Mon Apr 16 23:24:41 +0000 2018,@SFBART How much does it pay?,-0.103,0.0,0.781,0.219,49
150,@SFBart,Mon Apr 16 23:23:58 +0000 2018,"RT @imanicezanne: Today at Lake Merrit BART station. 

‚ÄúI told you what to do. You didn‚Äôt do it. You kept moving around. You‚Äôre under arres‚Ä¶",0.0,0.0,1.0,0.0,50
151,@SFBart,Mon Apr 16 23:23:13 +0000 2018,"RT @imanicezanne: Today at Lake Merrit BART station. 

‚ÄúI told you what to do. You didn‚Äôt do it. You kept moving around. You‚Äôre under arres‚Ä¶",0.0,0.0,1.0,0.0,51
152,@SFBart,Mon Apr 16 23:11:51 +0000 2018,@SFBART There was an attempted theft of a cell phone on the BART platform at Civic Center at 4:05p. Thief was chase‚Ä¶ https://t.co/vBcjDv7t94,-0.527,0.0,0.861,0.139,52
153,@SFBart,Mon Apr 16 23:05:27 +0000 2018,"RT @OracleArena: Heads up #DubNation! üö®

There is a 7:05 pm @Athletics game at @OAColiseum tonight. 

Please arrive early or take @SFBART t‚Ä¶",0.38,0.115,0.885,0.0,53
154,@SFBart,Mon Apr 16 22:58:57 +0000 2018,"RT @OracleArena: Heads up #DubNation! üö®

There is a 7:05 pm @Athletics game at @OAColiseum tonight. 

Please arrive early or take @SFBART t‚Ä¶",0.38,0.115,0.885,0.0,54
155,@SFBart,Mon Apr 16 22:56:09 +0000 2018,@SFBART is aggressively pursuing Transit Oriented Developments that addresses work force housing needs and alternat‚Ä¶ https://t.co/DDbJKOtEqh,-0.318,0.0,0.867,0.133,55
156,@SFBart,Mon Apr 16 22:54:30 +0000 2018,"RT @OracleArena: Heads up #DubNation! üö®

There is a 7:05 pm @Athletics game at @OAColiseum tonight. 

Please arrive early or take @SFBART t‚Ä¶",0.38,0.115,0.885,0.0,56
157,@SFBart,Mon Apr 16 22:53:36 +0000 2018,"RT @OracleArena: Heads up #DubNation! üö®

There is a 7:05 pm @Athletics game at @OAColiseum tonight. 

Please arrive early or take @SFBART t‚Ä¶",0.38,0.115,0.885,0.0,57
158,@SFBart,Mon Apr 16 22:52:21 +0000 2018,"@SFBART links Oakland to San Francisco. The system has over 425,000 riders per day and is a combination of elevated‚Ä¶ https://t.co/0R5Ky3r5Op",0.0,0.0,1.0,0.0,58
159,@SFBart,Mon Apr 16 22:40:55 +0000 2018,"RT @OracleArena: Heads up #DubNation! üö®

There is a 7:05 pm @Athletics game at @OAColiseum tonight. 

Please arrive early or take @SFBART t‚Ä¶",0.38,0.115,0.885,0.0,59
160,@SFBart,Mon Apr 16 22:31:29 +0000 2018,"RT @OracleArena: Heads up #DubNation! üö®

There is a 7:05 pm @Athletics game at @OAColiseum tonight. 

Please arrive early or take @SFBART t‚Ä¶",0.38,0.115,0.885,0.0,60
161,@SFBart,Mon Apr 16 22:14:17 +0000 2018,"RT @OracleArena: Heads up #DubNation! üö®

There is a 7:05 pm @Athletics game at @OAColiseum tonight. 

Please arrive early or take @SFBART t‚Ä¶",0.38,0.115,0.885,0.0,61
162,@SFBart,Mon Apr 16 22:11:36 +0000 2018,"RT @OracleArena: Heads up #DubNation! üö®

There is a 7:05 pm @Athletics game at @OAColiseum tonight. 

Please arrive early or take @SFBART t‚Ä¶",0.38,0.115,0.885,0.0,62
163,@SFBart,Mon Apr 16 22:11:09 +0000 2018,"RT @AlamedaCTC: Make a pledge for #EarthDay to #TryTransit. 
@SFBART https://t.co/5K8bfyabrV",0.0,0.0,1.0,0.0,63
164,@SFBart,Mon Apr 16 22:11:08 +0000 2018,"RT @OracleArena: Heads up #DubNation! üö®

There is a 7:05 pm @Athletics game at @OAColiseum tonight. 

Please arrive early or take @SFBART t‚Ä¶",0.38,0.115,0.885,0.0,64
165,@SFBart,Mon Apr 16 22:10:58 +0000 2018,@IHazRabies @SFBART Right behind the AC Transit Bus,0.0,0.0,1.0,0.0,65
166,@SFBart,Mon Apr 16 22:09:29 +0000 2018,"RT @OracleArena: Heads up #DubNation! üö®

There is a 7:05 pm @Athletics game at @OAColiseum tonight. 

Please arrive early or take @SFBART t‚Ä¶",0.38,0.115,0.885,0.0,66
167,@SFBart,Mon Apr 16 22:09:04 +0000 2018,"RT @OracleArena: Heads up #DubNation! üö®

There is a 7:05 pm @Athletics game at @OAColiseum tonight. 

Please arrive early or take @SFBART t‚Ä¶",0.38,0.115,0.885,0.0,67
168,@SFBart,Mon Apr 16 22:06:43 +0000 2018,"RT @OracleArena: Heads up #DubNation! üö®

There is a 7:05 pm @Athletics game at @OAColiseum tonight. 

Please arrive early or take @SFBART t‚Ä¶",0.38,0.115,0.885,0.0,68
169,@SFBart,Mon Apr 16 22:06:35 +0000 2018,"RT @AlamedaCTC: Make a pledge for #EarthDay to #TryTransit. 
@SFBART https://t.co/5K8bfyabrV",0.0,0.0,1.0,0.0,69
170,@SFBart,Mon Apr 16 22:05:43 +0000 2018,"RT @OracleArena: Heads up #DubNation! üö®

There is a 7:05 pm @Athletics game at @OAColiseum tonight. 

Please arrive early or take @SFBART t‚Ä¶",0.38,0.115,0.885,0.0,70
171,@SFBart,Mon Apr 16 22:04:45 +0000 2018,"RT @OracleArena: Heads up #DubNation! üö®

There is a 7:05 pm @Athletics game at @OAColiseum tonight. 

Please arrive early or take @SFBART t‚Ä¶",0.38,0.115,0.885,0.0,71
172,@SFBart,Mon Apr 16 22:04:30 +0000 2018,"RT @OracleArena: Heads up #DubNation! üö®

There is a 7:05 pm @Athletics game at @OAColiseum tonight. 

Please arrive early or take @SFBART t‚Ä¶",0.38,0.115,0.885,0.0,72
173,@SFBart,Mon Apr 16 22:02:00 +0000 2018,"RT @OracleArena: Heads up #DubNation! üö®

There is a 7:05 pm @Athletics game at @OAColiseum tonight. 

Please arrive early or take @SFBART t‚Ä¶",0.38,0.115,0.885,0.0,73
174,@SFBart,Mon Apr 16 21:57:18 +0000 2018,"Make a pledge for #EarthDay to #TryTransit. 
@SFBART https://t.co/5K8bfyabrV",0.0,0.0,1.0,0.0,74
175,@SFBart,Mon Apr 16 21:45:39 +0000 2018,It's #NationalWeldingMonth and @SFBART recently wrote an article looking at how welders are rebuilding #BART.‚Ä¶ https://t.co/XgUL3pjdSm,0.0,0.0,1.0,0.0,75
176,@SFBart,Mon Apr 16 21:29:16 +0000 2018,RT @burritojustice: @SFBART \o/,0.494,0.516,0.484,0.0,76
177,@SFBart,Mon Apr 16 20:27:17 +0000 2018,Pretty rare to see a near empty @SFBART car https://t.co/0NvpJs8PII,0.34,0.267,0.583,0.15,77
178,@SFBart,Mon Apr 16 20:25:17 +0000 2018,"@SFBART üê¶ coo‚Äô pun, man",0.0,0.0,1.0,0.0,78
179,@SFBart,Mon Apr 16 20:15:39 +0000 2018,@sfbart Might be time to put up spikes at Hayward to stop the pigeons from congregating on the platform,-0.296,0.0,0.891,0.109,79
180,@SFBart,Mon Apr 16 19:55:25 +0000 2018,I‚Äôve never seen so many people jump the gate at @SFBART til I started going to MacArthur Station #peopleOfBart,0.0,0.0,1.0,0.0,80
181,@SFBart,Mon Apr 16 19:20:03 +0000 2018,"RT @SFBART: ICYMI: Welders are out there rain or shine helping rebuild BART; you may not see them because they work behind the scenes, on t‚Ä¶",0.296,0.081,0.919,0.0,81
182,@SFBart,Mon Apr 16 19:00:40 +0000 2018,"RT @OAColiseum: Heads up! üö®

There is a 7:30 pm @Warriors Playoff game at @OracleArena tonight. 

Please arrive early or take @SFBART to to‚Ä¶",0.38,0.11,0.89,0.0,82
183,@SFBart,Mon Apr 16 18:50:42 +0000 2018,"RT @SFBART: Did you know we carry more people from the East Bay to San Francisco than the Bay Bridge? The bridge carries 14,200 people in c‚Ä¶",0.0,0.0,1.0,0.0,83
184,@SFBart,Mon Apr 16 18:47:11 +0000 2018,@SFBART @burritojustice It‚Äôd be great if y‚Äôall could share more about what sort of testing is needed before Transba‚Ä¶ https://t.co/mmVWzoesyk,0.743,0.259,0.741,0.0,84
185,@SFBart,Mon Apr 16 18:41:15 +0000 2018,RT @talldave: Fancy @SFBART https://t.co/h9B2MFsvU3,0.0,0.0,1.0,0.0,85
186,@SFBart,Mon Apr 16 18:35:05 +0000 2018,"RT @OracleArena: Heads up #DubNation! üö®

There is a 7:05 pm @Athletics game at @OAColiseum tonight. 

Please arrive early or take @SFBART t‚Ä¶",0.38,0.115,0.885,0.0,86
187,@SFBart,Mon Apr 16 18:28:29 +0000 2018,RT @SFBART: @burritojustice We‚Äôre testing transbay service with the new trains to make sure we work out any potential glitches before we be‚Ä¶,0.318,0.095,0.905,0.0,87
188,@SFBart,Mon Apr 16 18:27:35 +0000 2018,@SFBART define ‚Äúeach ride‚Äù? https://t.co/qCVnu4Gj6b,0.0,0.0,1.0,0.0,88
189,@SFBart,Mon Apr 16 18:27:13 +0000 2018,"@SFBART Ouch! Thanks....,",0.0,0.0,1.0,0.0,89
190,@SFBart,Mon Apr 16 18:19:16 +0000 2018,@SFBART \o/,0.494,0.762,0.238,0.0,90
191,@SFBart,Mon Apr 16 18:18:36 +0000 2018,RT @SFBART: @burritojustice We‚Äôre testing transbay service with the new trains to make sure we work out any potential glitches before we be‚Ä¶,0.318,0.095,0.905,0.0,91
192,@SFBart,Mon Apr 16 18:12:18 +0000 2018,"RT @SFBART: ICYMI: Welders are out there rain or shine helping rebuild BART; you may not see them because they work behind the scenes, on t‚Ä¶",0.296,0.081,0.919,0.0,92
193,@SFBart,Mon Apr 16 18:11:50 +0000 2018,"So this was creepy AF on @SFBART today. I get you want to sleep, but wear sunglasses like normal people. https://t.co/53NdE1rsni",0.527,0.196,0.804,0.0,93
194,@SFBart,Mon Apr 16 18:07:12 +0000 2018,RT @talldave: Fancy @SFBART https://t.co/h9B2MFsvU3,0.0,0.0,1.0,0.0,94
195,@SFBart,Mon Apr 16 18:06:27 +0000 2018,@talldave @SFBART oh man it‚Äôs ‚Äúout of service‚Äù that‚Äôs just rude,-0.459,0.0,0.769,0.231,95
196,@SFBart,Mon Apr 16 18:03:32 +0000 2018,Fancy @SFBART https://t.co/h9B2MFsvU3,0.0,0.0,1.0,0.0,96
197,@SFBart,Mon Apr 16 18:00:01 +0000 2018,"RT @SFBART: ICYMI: Welders are out there rain or shine helping rebuild BART; you may not see them because they work behind the scenes, on t‚Ä¶",0.296,0.081,0.919,0.0,97
198,@SFBart,Mon Apr 16 18:00:01 +0000 2018,@SFBART https://t.co/y78AMaEPbX,0.0,0.0,1.0,0.0,98
199,@SFBart,Mon Apr 16 17:59:02 +0000 2018,@SFBART https://t.co/sgnZGQPRfG,0.0,0.0,1.0,0.0,99
200,@MTA,Tue Apr 17 03:29:43 +0000 2018,@MTA if the F train can‚Äôt run on its own line why can the D train run on it ü§îü§î I don‚Äôt get it,0.0,0.0,1.0,0.0,0
201,@MTA,Tue Apr 17 03:29:34 +0000 2018,@jbguild @NYCTSubway @MTA @NY1 Waterfall wow. The rats are probably loving it though,0.827,0.412,0.588,0.0,1
202,@MTA,Tue Apr 17 03:29:33 +0000 2018,RT @jbguild: scenes from 145th st/broadway. @NYCTSubway @MTA @NY1 #justalittlerain https://t.co/vUYed8Se6g,0.0,0.0,1.0,0.0,2
203,@MTA,Tue Apr 17 03:28:24 +0000 2018,"@jbguild @NYCTSubway @MTA @NY1 This guy‚Äôs mentality ‚Äúrain or no rain, I‚Äôm getting ma money‚Äù",-0.296,0.0,0.864,0.136,3
204,@MTA,Tue Apr 17 03:28:22 +0000 2018,RT @jbguild: scenes from 145th st/broadway. @NYCTSubway @MTA @NY1 #justalittlerain https://t.co/vUYed8Se6g,0.0,0.0,1.0,0.0,4
205,@MTA,Tue Apr 17 03:27:56 +0000 2018,RT @kyaasqueen: The @MTA dragged me to hell and back but I got to listen to ANOTHER episode of @gendereveal and @mxacdumlao just validated‚Ä¶,-0.44,0.0,0.843,0.157,5
206,@MTA,Tue Apr 17 03:27:49 +0000 2018,RT @jbguild: scenes from 145th st/broadway. @NYCTSubway @MTA @NY1 #justalittlerain https://t.co/vUYed8Se6g,0.0,0.0,1.0,0.0,6
207,@MTA,Tue Apr 17 03:25:15 +0000 2018,RT @Mbkook24: Rain Room but without the line! @MTA https://t.co/RUBudFPehn,0.0,0.0,1.0,0.0,7
208,@MTA,Tue Apr 17 03:25:09 +0000 2018,Oh @MTA in your infinite wisdom. I see an easier solution. I think everyone does. #dumbdumbs https://t.co/MawBkz8Sym,0.818,0.415,0.585,0.0,8
209,@MTA,Tue Apr 17 03:25:07 +0000 2018,RT @jbguild: scenes from 145th st/broadway. @NYCTSubway @MTA @NY1 #justalittlerain https://t.co/vUYed8Se6g,0.0,0.0,1.0,0.0,9
210,@MTA,Tue Apr 17 03:24:18 +0000 2018,F trains are making D stops and D trains are making F stops because they both have work but why not just keep the t‚Ä¶ https://t.co/Ooa783rhwD,-0.153,0.0,0.885,0.115,10
211,@MTA,Tue Apr 17 03:22:22 +0000 2018,RT @jbguild: scenes from 145th st/broadway. @NYCTSubway @MTA @NY1 #justalittlerain https://t.co/vUYed8Se6g,0.0,0.0,1.0,0.0,11
212,@MTA,Tue Apr 17 03:21:41 +0000 2018,RT @jbguild: scenes from 145th st/broadway. @NYCTSubway @MTA @NY1 #justalittlerain https://t.co/vUYed8Se6g,0.0,0.0,1.0,0.0,12
213,@MTA,Tue Apr 17 03:20:52 +0000 2018,RT @jbguild: scenes from 145th st/broadway. @NYCTSubway @MTA @NY1 #justalittlerain https://t.co/vUYed8Se6g,0.0,0.0,1.0,0.0,13
214,@MTA,Tue Apr 17 03:20:46 +0000 2018,RT @jbguild: scenes from 145th st/broadway. @NYCTSubway @MTA @NY1 #justalittlerain https://t.co/vUYed8Se6g,0.0,0.0,1.0,0.0,14
215,@MTA,Tue Apr 17 03:20:45 +0000 2018,RT @jbguild: scenes from 145th st/broadway. @NYCTSubway @MTA @NY1 #justalittlerain https://t.co/vUYed8Se6g,0.0,0.0,1.0,0.0,15
216,@MTA,Tue Apr 17 03:20:32 +0000 2018,RT @jbguild: scenes from 145th st/broadway. @NYCTSubway @MTA @NY1 #justalittlerain https://t.co/vUYed8Se6g,0.0,0.0,1.0,0.0,16
217,@MTA,Tue Apr 17 03:19:31 +0000 2018,"RT @UPSTANDMovement: ""The @MTA has been speaking about adding elevators to the Astoria Blvd station since the late 1970s...the dates provid‚Ä¶",0.0,0.0,1.0,0.0,17
218,@MTA,Tue Apr 17 03:17:34 +0000 2018,RT @jbguild: scenes from 145th st/broadway. @NYCTSubway @MTA @NY1 #justalittlerain https://t.co/vUYed8Se6g,0.0,0.0,1.0,0.0,18
219,@MTA,Tue Apr 17 03:16:02 +0000 2018,RT @jbguild: scenes from 145th st/broadway. @NYCTSubway @MTA @NY1 #justalittlerain https://t.co/vUYed8Se6g,0.0,0.0,1.0,0.0,19
220,@MTA,Tue Apr 17 03:12:59 +0000 2018,RT @jbguild: scenes from 145th st/broadway. @NYCTSubway @MTA @NY1 #justalittlerain https://t.co/vUYed8Se6g,0.0,0.0,1.0,0.0,20
221,@MTA,Tue Apr 17 03:12:53 +0000 2018,RT @jbguild: scenes from 145th st/broadway. @NYCTSubway @MTA @NY1 #justalittlerain https://t.co/vUYed8Se6g,0.0,0.0,1.0,0.0,21
222,@MTA,Tue Apr 17 03:12:36 +0000 2018,@Mbkook24 @MTA Fuck Cuomo.,-0.542,0.0,0.462,0.538,22
223,@MTA,Tue Apr 17 03:12:31 +0000 2018,RT @jbguild: scenes from 145th st/broadway. @NYCTSubway @MTA @NY1 #justalittlerain https://t.co/vUYed8Se6g,0.0,0.0,1.0,0.0,23
224,@MTA,Tue Apr 17 03:12:07 +0000 2018,RT @jbguild: scenes from 145th st/broadway. @NYCTSubway @MTA @NY1 #justalittlerain https://t.co/vUYed8Se6g,0.0,0.0,1.0,0.0,24
225,@MTA,Tue Apr 17 03:11:49 +0000 2018,RT @jbguild: scenes from 145th st/broadway. @NYCTSubway @MTA @NY1 #justalittlerain https://t.co/vUYed8Se6g,0.0,0.0,1.0,0.0,25
226,@MTA,Tue Apr 17 03:11:43 +0000 2018,"@jbguild @NYCTSubway @MTA @NY1 Eh, just throw a towel over it.",0.0,0.0,1.0,0.0,26
227,@MTA,Tue Apr 17 03:11:42 +0000 2018,RT @Mbkook24: Rain Room but without the line! @MTA https://t.co/RUBudFPehn,0.0,0.0,1.0,0.0,27
228,@MTA,Tue Apr 17 03:11:19 +0000 2018,I‚Äôm exasperated with unreliable service changes and modified service on the #Ftrain @MTA #Brooklyn #EnoughAlready,-0.422,0.0,0.833,0.167,28
229,@MTA,Tue Apr 17 03:10:14 +0000 2018,RT @jbguild: scenes from 145th st/broadway. @NYCTSubway @MTA @NY1 #justalittlerain https://t.co/vUYed8Se6g,0.0,0.0,1.0,0.0,29
230,@MTA,Tue Apr 17 03:09:44 +0000 2018,Its funny how @MTA rates are always going up in nyc...but you assholes cant even have a decent subway system that d‚Ä¶ https://t.co/Uh6xsUgBI4,-0.226,0.109,0.749,0.142,30
231,@MTA,Tue Apr 17 03:09:26 +0000 2018,RT @jbguild: scenes from 145th st/broadway. @NYCTSubway @MTA @NY1 #justalittlerain https://t.co/vUYed8Se6g,0.0,0.0,1.0,0.0,31
232,@MTA,Tue Apr 17 03:08:01 +0000 2018,THIS is responsible government.  Saving money by putting train washes IN the subway stations! Plus commuters save o‚Ä¶ https://t.co/sh7htloK9L,0.7,0.254,0.746,0.0,32
233,@MTA,Tue Apr 17 03:07:57 +0000 2018,RT @jbguild: scenes from 145th st/broadway. @NYCTSubway @MTA @NY1 #justalittlerain https://t.co/vUYed8Se6g,0.0,0.0,1.0,0.0,33
234,@MTA,Tue Apr 17 03:07:39 +0000 2018,I‚Äôm curious about @CynthiaNixon‚Äôs stance on I-81 through Syracuse. This will be an important factor for many primar‚Ä¶ https://t.co/Q2Ys8vFn1q,0.477,0.194,0.806,0.0,34
235,@MTA,Tue Apr 17 03:07:09 +0000 2018,RT @jbguild: scenes from 145th st/broadway. @NYCTSubway @MTA @NY1 #justalittlerain https://t.co/vUYed8Se6g,0.0,0.0,1.0,0.0,35
236,@MTA,Tue Apr 17 03:06:04 +0000 2018,RT @jbguild: scenes from 145th st/broadway. @NYCTSubway @MTA @NY1 #justalittlerain https://t.co/vUYed8Se6g,0.0,0.0,1.0,0.0,36
237,@MTA,Tue Apr 17 03:05:38 +0000 2018,RT @jbguild: scenes from 145th st/broadway. @NYCTSubway @MTA @NY1 #justalittlerain https://t.co/vUYed8Se6g,0.0,0.0,1.0,0.0,37
238,@MTA,Tue Apr 17 03:05:00 +0000 2018,".@MTA report details signal equipment failures at #Brooklyn subway station
https://t.co/waQrmLhxEG",-0.459,0.0,0.769,0.231,38
239,@MTA,Tue Apr 17 03:04:53 +0000 2018,The @MTA sucks syphilitic dick,-0.7,0.0,0.341,0.659,39
240,@MTA,Tue Apr 17 03:04:24 +0000 2018,RT @jbguild: scenes from 145th st/broadway. @NYCTSubway @MTA @NY1 #justalittlerain https://t.co/vUYed8Se6g,0.0,0.0,1.0,0.0,40
241,@MTA,Tue Apr 17 03:01:34 +0000 2018,RT @jbguild: scenes from 145th st/broadway. @NYCTSubway @MTA @NY1 #justalittlerain https://t.co/vUYed8Se6g,0.0,0.0,1.0,0.0,41
242,@MTA,Tue Apr 17 03:00:42 +0000 2018,@jbguild @NYCTSubway @MTA @NY1 Crazy deal,-0.34,0.0,0.676,0.324,42
243,@MTA,Tue Apr 17 03:00:25 +0000 2018,None of these angry passengers understand that the @MTA arbitrarily swapping the D and F lines is a CRY FOR HELP :(,-0.765,0.121,0.527,0.352,43
244,@MTA,Tue Apr 17 03:00:17 +0000 2018,"@MTA = Sh*t. Wait when over 60degree smell like giant toilet, raining day feel likes drowning in toilet https://t.co/ccXJhkARgC",0.649,0.249,0.751,0.0,44
245,@MTA,Tue Apr 17 03:00:14 +0000 2018,@jbguild @NYCTSubway @MTA @NY1 Looks like a scene from the titanic üö£‚Äç‚ôÇÔ∏è üåä,0.361,0.2,0.8,0.0,45
246,@MTA,Tue Apr 17 02:59:09 +0000 2018,RT @jbguild: scenes from 145th st/broadway. @NYCTSubway @MTA @NY1 #justalittlerain https://t.co/vUYed8Se6g,0.0,0.0,1.0,0.0,46
247,@MTA,Tue Apr 17 02:58:45 +0000 2018,RT @jbguild: scenes from 145th st/broadway. @NYCTSubway @MTA @NY1 #justalittlerain https://t.co/vUYed8Se6g,0.0,0.0,1.0,0.0,47
248,@MTA,Tue Apr 17 02:57:40 +0000 2018,RT @jbguild: scenes from 145th st/broadway. @NYCTSubway @MTA @NY1 #justalittlerain https://t.co/vUYed8Se6g,0.0,0.0,1.0,0.0,48
249,@MTA,Tue Apr 17 02:57:37 +0000 2018,"And once again, my 45 minute commute turned into 3 hours. Thanks a lot @MTA",0.44,0.195,0.805,0.0,49
250,@MTA,Tue Apr 17 02:57:36 +0000 2018,RT @jbguild: scenes from 145th st/broadway. @NYCTSubway @MTA @NY1 #justalittlerain https://t.co/vUYed8Se6g,0.0,0.0,1.0,0.0,50
251,@MTA,Tue Apr 17 02:57:17 +0000 2018,RT @jbguild: scenes from 145th st/broadway. @NYCTSubway @MTA @NY1 #justalittlerain https://t.co/vUYed8Se6g,0.0,0.0,1.0,0.0,51
252,@MTA,Tue Apr 17 02:56:37 +0000 2018,RT @yuhline: This is exactly what I meant when I told the @MTA that our subway stations (especially east broadway F train stop) turned in s‚Ä¶,0.0,0.0,1.0,0.0,52
253,@MTA,Tue Apr 17 02:56:09 +0000 2018,@MTA I‚Äôve been waiting for the bus for 20 minutes come on,0.0,0.0,1.0,0.0,53
254,@MTA,Tue Apr 17 02:55:55 +0000 2018,RT @jbguild: scenes from 145th st/broadway. @NYCTSubway @MTA @NY1 #justalittlerain https://t.co/vUYed8Se6g,0.0,0.0,1.0,0.0,54
255,@MTA,Tue Apr 17 02:55:50 +0000 2018,"RT @mslaurabliss: How did things get so bad on the @MTA? On @CityLab's ""map"" of the system's decline, disinvestment and deferred maintenanc‚Ä¶",-0.67,0.0,0.824,0.176,55
256,@MTA,Tue Apr 17 02:55:48 +0000 2018,RT @jbguild: scenes from 145th st/broadway. @NYCTSubway @MTA @NY1 #justalittlerain https://t.co/vUYed8Se6g,0.0,0.0,1.0,0.0,56
257,@MTA,Tue Apr 17 02:55:06 +0000 2018,RT @jbguild: scenes from 145th st/broadway. @NYCTSubway @MTA @NY1 #justalittlerain https://t.co/vUYed8Se6g,0.0,0.0,1.0,0.0,57
258,@MTA,Tue Apr 17 02:54:20 +0000 2018,RT @ThomasLS: A chorus of mobile phones singing flood alerts on the @MTA is just the extra seasoning this morning needs.,0.0,0.0,1.0,0.0,58
259,@MTA,Tue Apr 17 02:54:13 +0000 2018,RT @jbguild: scenes from 145th st/broadway. @NYCTSubway @MTA @NY1 #justalittlerain https://t.co/vUYed8Se6g,0.0,0.0,1.0,0.0,59
260,@MTA,Tue Apr 17 02:54:08 +0000 2018,RT @jbguild: scenes from 145th st/broadway. @NYCTSubway @MTA @NY1 #justalittlerain https://t.co/vUYed8Se6g,0.0,0.0,1.0,0.0,60
261,@MTA,Tue Apr 17 02:53:19 +0000 2018,RT @jbguild: scenes from 145th st/broadway. @NYCTSubway @MTA @NY1 #justalittlerain https://t.co/vUYed8Se6g,0.0,0.0,1.0,0.0,61
262,@MTA,Tue Apr 17 02:52:44 +0000 2018,RT @jbguild: scenes from 145th st/broadway. @NYCTSubway @MTA @NY1 #justalittlerain https://t.co/vUYed8Se6g,0.0,0.0,1.0,0.0,62
263,@MTA,Tue Apr 17 02:52:21 +0000 2018,RT @jbguild: scenes from 145th st/broadway. @NYCTSubway @MTA @NY1 #justalittlerain https://t.co/vUYed8Se6g,0.0,0.0,1.0,0.0,63
264,@MTA,Tue Apr 17 02:51:48 +0000 2018,RT @jbguild: scenes from 145th st/broadway. @NYCTSubway @MTA @NY1 #justalittlerain https://t.co/vUYed8Se6g,0.0,0.0,1.0,0.0,64
265,@MTA,Tue Apr 17 02:50:55 +0000 2018,RT @jbguild: scenes from 145th st/broadway. @NYCTSubway @MTA @NY1 #justalittlerain https://t.co/vUYed8Se6g,0.0,0.0,1.0,0.0,65
266,@MTA,Tue Apr 17 02:50:49 +0000 2018,It‚Äôs a tough night for the man catcalling a pregnant rat. @mta,-0.128,0.0,0.857,0.143,66
267,@MTA,Tue Apr 17 02:50:25 +0000 2018,RT @jbguild: scenes from 145th st/broadway. @NYCTSubway @MTA @NY1 #justalittlerain https://t.co/vUYed8Se6g,0.0,0.0,1.0,0.0,67
268,@MTA,Tue Apr 17 02:50:11 +0000 2018,RT @jbguild: scenes from 145th st/broadway. @NYCTSubway @MTA @NY1 #justalittlerain https://t.co/vUYed8Se6g,0.0,0.0,1.0,0.0,68
269,@MTA,Tue Apr 17 02:50:08 +0000 2018,@jbguild @Brazil201 @NYCTSubway @MTA @NY1 @marisol2929,0.0,0.0,1.0,0.0,69
270,@MTA,Tue Apr 17 02:49:20 +0000 2018,RT @jbguild: scenes from 145th st/broadway. @NYCTSubway @MTA @NY1 #justalittlerain https://t.co/vUYed8Se6g,0.0,0.0,1.0,0.0,70
271,@MTA,Tue Apr 17 02:48:01 +0000 2018,My Q this morning had the same water feature installed... inside the train ü§î @NYCTSubway @MTA https://t.co/fov16YbsjJ,0.0,0.0,1.0,0.0,71
272,@MTA,Tue Apr 17 02:47:43 +0000 2018,i want a monthly unlimited card and a letter of apology you ock asses...$22....116th to 103rd to 125th...straight up loathe the @mta,-0.402,0.115,0.737,0.147,72
273,@MTA,Tue Apr 17 02:45:39 +0000 2018,RT @jbguild: scenes from 145th st/broadway. @NYCTSubway @MTA @NY1 #justalittlerain https://t.co/vUYed8Se6g,0.0,0.0,1.0,0.0,73
274,@MTA,Tue Apr 17 02:44:03 +0000 2018,Now the D train that is running on the F line is skipping my stop for unknown reasons...advising us to wait for nex‚Ä¶ https://t.co/7nXG4PTPHc,-0.296,0.0,0.905,0.095,74
275,@MTA,Tue Apr 17 02:43:07 +0000 2018,RT @jbguild: scenes from 145th st/broadway. @NYCTSubway @MTA @NY1 #justalittlerain https://t.co/vUYed8Se6g,0.0,0.0,1.0,0.0,75
276,@MTA,Tue Apr 17 02:42:58 +0000 2018,RT @jbguild: scenes from 145th st/broadway. @NYCTSubway @MTA @NY1 #justalittlerain https://t.co/vUYed8Se6g,0.0,0.0,1.0,0.0,76
277,@MTA,Tue Apr 17 02:42:15 +0000 2018,RT @jbguild: scenes from 145th st/broadway. @NYCTSubway @MTA @NY1 #justalittlerain https://t.co/vUYed8Se6g,0.0,0.0,1.0,0.0,77
278,@MTA,Tue Apr 17 02:41:49 +0000 2018,RT @Mbkook24: Rain Room but without the line! @MTA https://t.co/RUBudFPehn,0.0,0.0,1.0,0.0,78
279,@MTA,Tue Apr 17 02:41:46 +0000 2018,RT @cmenchaca: ‚úäüèΩFare is Fair @MTA ‚Äî @NYCCouncil is committed to fighting all the way to victory for #FairFares READ @NYDailyNews EDITORIAL‚Ä¶,0.226,0.177,0.723,0.1,79
280,@MTA,Tue Apr 17 02:41:38 +0000 2018,RT @jbguild: scenes from 145th st/broadway. @NYCTSubway @MTA @NY1 #justalittlerain https://t.co/vUYed8Se6g,0.0,0.0,1.0,0.0,80
281,@MTA,Tue Apr 17 02:40:43 +0000 2018,RT @jbguild: scenes from 145th st/broadway. @NYCTSubway @MTA @NY1 #justalittlerain https://t.co/vUYed8Se6g,0.0,0.0,1.0,0.0,81
282,@MTA,Tue Apr 17 02:40:26 +0000 2018,RT @jbguild: scenes from 145th st/broadway. @NYCTSubway @MTA @NY1 #justalittlerain https://t.co/vUYed8Se6g,0.0,0.0,1.0,0.0,82
283,@MTA,Tue Apr 17 02:40:08 +0000 2018,RT @jbguild: scenes from 145th st/broadway. @NYCTSubway @MTA @NY1 #justalittlerain https://t.co/vUYed8Se6g,0.0,0.0,1.0,0.0,83
284,@MTA,Tue Apr 17 02:38:49 +0000 2018,RT @jbguild: scenes from 145th st/broadway. @NYCTSubway @MTA @NY1 #justalittlerain https://t.co/vUYed8Se6g,0.0,0.0,1.0,0.0,84
285,@MTA,Tue Apr 17 02:37:49 +0000 2018,RT @jbguild: scenes from 145th st/broadway. @NYCTSubway @MTA @NY1 #justalittlerain https://t.co/vUYed8Se6g,0.0,0.0,1.0,0.0,85
286,@MTA,Tue Apr 17 02:37:15 +0000 2018,RT @jbguild: scenes from 145th st/broadway. @NYCTSubway @MTA @NY1 #justalittlerain https://t.co/vUYed8Se6g,0.0,0.0,1.0,0.0,86
287,@MTA,Tue Apr 17 02:36:57 +0000 2018,RT @jbguild: scenes from 145th st/broadway. @NYCTSubway @MTA @NY1 #justalittlerain https://t.co/vUYed8Se6g,0.0,0.0,1.0,0.0,87
288,@MTA,Tue Apr 17 02:36:27 +0000 2018,Me wondering why @MTA has the F running on the D line and the D running on the F line... https://t.co/uAZIIRCl0q,0.0,0.0,1.0,0.0,88
289,@MTA,Tue Apr 17 02:34:39 +0000 2018,@junogatsby @MTA üòÇü§£üòÇ,0.0,0.0,1.0,0.0,89
290,@MTA,Tue Apr 17 02:34:12 +0000 2018,"Hi @MTA! Why is it that I have been more than 20 min waiting for a train to get home? Tax season much, where are my‚Ä¶ https://t.co/jxQneykttZ",0.0,0.0,1.0,0.0,90
291,@MTA,Tue Apr 17 02:33:46 +0000 2018,RT @jbguild: scenes from 145th st/broadway. @NYCTSubway @MTA @NY1 #justalittlerain https://t.co/vUYed8Se6g,0.0,0.0,1.0,0.0,91
292,@MTA,Tue Apr 17 02:33:38 +0000 2018,"@birdrib_ @MTA You're very, very welcome. They have plenty more where that came from.",0.553,0.216,0.784,0.0,92
293,@MTA,Tue Apr 17 02:33:38 +0000 2018,@realDonaldTrump why don't ya give the @MTA the funds they need to rebuild our stations? they haven't been touched‚Ä¶ https://t.co/uL8zx5Hh2z,0.0,0.0,1.0,0.0,93
294,@MTA,Tue Apr 17 02:33:38 +0000 2018,RT @jbguild: scenes from 145th st/broadway. @NYCTSubway @MTA @NY1 #justalittlerain https://t.co/vUYed8Se6g,0.0,0.0,1.0,0.0,94
295,@MTA,Tue Apr 17 02:33:01 +0000 2018,RT @jbguild: scenes from 145th st/broadway. @NYCTSubway @MTA @NY1 #justalittlerain https://t.co/vUYed8Se6g,0.0,0.0,1.0,0.0,95
296,@MTA,Tue Apr 17 02:32:55 +0000 2018,RT @jbguild: scenes from 145th st/broadway. @NYCTSubway @MTA @NY1 #justalittlerain https://t.co/vUYed8Se6g,0.0,0.0,1.0,0.0,96
297,@MTA,Tue Apr 17 02:32:39 +0000 2018,RT @jbguild: scenes from 145th st/broadway. @NYCTSubway @MTA @NY1 #justalittlerain https://t.co/vUYed8Se6g,0.0,0.0,1.0,0.0,97
298,@MTA,Tue Apr 17 02:32:00 +0000 2018,RT @jbguild: scenes from 145th st/broadway. @NYCTSubway @MTA @NY1 #justalittlerain https://t.co/vUYed8Se6g,0.0,0.0,1.0,0.0,98
299,@MTA,Tue Apr 17 02:30:27 +0000 2018,"@NYCTSubway ok? can you open shake shack, chipotle or anything else around here and get me dinner? the ftrain is re‚Ä¶ https://t.co/43Zil3lzCQ",0.217,0.106,0.824,0.07,99
300,@CTA,Tue Apr 17 03:21:04 +0000 2018,RT @cta: Some Howard-bound Red Line trains are operating with residual delays after an earlier sick customer at Roosevelt; service is resum‚Ä¶,-0.511,0.0,0.864,0.136,0
301,@CTA,Tue Apr 17 03:20:36 +0000 2018,@cta Hi - I need to transfer from orange to brown line at Harold Washington Library coming from Midway.  Is there a‚Ä¶ https://t.co/w1XF7TryNQ,0.0,0.0,1.0,0.0,1
302,@CTA,Tue Apr 17 03:17:18 +0000 2018,@RTA_Chicago @cta How about some escalators at this new terminal? I‚Äôve seen elderly people trying to climb the stai‚Ä¶ https://t.co/Uft0rYXtqB,0.0,0.0,1.0,0.0,2
303,@CTA,Tue Apr 17 02:53:45 +0000 2018,RT @cta: Some Blue Line trains are operating with residual delays after an earlier unauthorized person on the tracks at Kedzie-Homan; servi‚Ä¶,0.0,0.0,1.0,0.0,3
304,@CTA,Tue Apr 17 02:46:55 +0000 2018,RT @cta: Some Blue Line trains are operating with residual delays after an earlier unauthorized person on the tracks at Kedzie-Homan; servi‚Ä¶,0.0,0.0,1.0,0.0,4
305,@CTA,Tue Apr 17 02:45:44 +0000 2018,RT @cta: Some Blue Line trains are operating with residual delays after an earlier unauthorized person on the tracks at Kedzie-Homan; servi‚Ä¶,0.0,0.0,1.0,0.0,5
306,@CTA,Tue Apr 17 02:45:25 +0000 2018,RT @cta: Some Blue Line trains are operating with residual delays after an earlier unauthorized person on the tracks at Kedzie-Homan; servi‚Ä¶,0.0,0.0,1.0,0.0,6
307,@CTA,Tue Apr 17 02:44:06 +0000 2018,RT @cta: Some Blue Line trains are operating with residual delays after an earlier unauthorized person on the tracks at Kedzie-Homan; servi‚Ä¶,0.0,0.0,1.0,0.0,7
308,@CTA,Tue Apr 17 02:41:46 +0000 2018,RT @cta: Blue Line trains are standing at Kedzie-Homan due to an unauthorized person on the tracks; crews working to restore service.,0.296,0.095,0.905,0.0,8
309,@CTA,Tue Apr 17 02:38:19 +0000 2018,@cta Ok I‚Äôm somewhat confused. Like I understand the 95th station needed a renovations and all but why make the sta‚Ä¶ https://t.co/jja5CGtK03,0.18,0.148,0.783,0.069,9
310,@CTA,Tue Apr 17 02:36:29 +0000 2018,RT @fakelawn: @cta This is how you know it‚Äôs a Blue Line train.,0.0,0.0,1.0,0.0,10
311,@CTA,Tue Apr 17 02:33:05 +0000 2018,RT @cta: Blue Line trains are standing at Kedzie-Homan due to an unauthorized person on the tracks; crews working to restore service.,0.296,0.095,0.905,0.0,11
312,@CTA,Tue Apr 17 02:32:06 +0000 2018,RT @cta: Blue Line trains are standing at Kedzie-Homan due to an unauthorized person on the tracks; crews working to restore service.,0.296,0.095,0.905,0.0,12
313,@CTA,Tue Apr 17 02:19:11 +0000 2018,"RT @ChicagosMayor: The new 95th Street @CTA Station is open for business! The modern, redesigned South Terminal is the first of two bus and‚Ä¶",0.0,0.0,1.0,0.0,13
314,@CTA,Tue Apr 17 02:13:43 +0000 2018,"RT @cta: This project will not only improve the commutes of the 20,000 bus and ‚ÄòL‚Äô riders who use the station &amp; terminals daily, it‚Äôs a sig‚Ä¶",-0.341,0.0,0.912,0.088,14
315,@CTA,Tue Apr 17 02:12:36 +0000 2018,"RT @cta: The project will create roomier entry areas to get to trains, new digital signage inside and out and all-new bus terminal areas th‚Ä¶",0.273,0.08,0.92,0.0,15
316,@CTA,Tue Apr 17 02:09:43 +0000 2018,RT @cta: Some Howard-bound Red Line trains are operating with residual delays after an earlier sick customer at Roosevelt; service is resum‚Ä¶,-0.511,0.0,0.864,0.136,16
317,@CTA,Tue Apr 17 02:09:07 +0000 2018,"RT @cta: The 95th/Dan Ryan Red Line station‚Äôs new South Terminal is now open! Here are some pics from the bright, glass-enclosed space that‚Ä¶",0.493,0.122,0.878,0.0,17
318,@CTA,Tue Apr 17 02:04:15 +0000 2018,RT @cta: Some Howard-bound Red Line trains are operating with residual delays after an earlier sick customer at Roosevelt; service is resum‚Ä¶,-0.511,0.0,0.864,0.136,18
319,@CTA,Tue Apr 17 02:00:46 +0000 2018,RT @cta: Some Howard-bound Red Line trains are operating with residual delays after an earlier sick customer at Roosevelt; service is resum‚Ä¶,-0.511,0.0,0.864,0.136,19
320,@CTA,Tue Apr 17 02:00:26 +0000 2018,RT @cta: Some Howard-bound Red Line trains are operating with residual delays after an earlier sick customer at Roosevelt; service is resum‚Ä¶,-0.511,0.0,0.864,0.136,20
321,@CTA,Tue Apr 17 01:57:21 +0000 2018,@cta @meggrave @CTABlueLn üòÇ Can‚Äôt wait!,0.0,0.0,1.0,0.0,21
322,@CTA,Tue Apr 17 01:47:50 +0000 2018,"RT @cta: @meggrave @CTABlueLn We're sorry to hear you were delayed tonight, but you'll be pleased to know new railcars are on the way. Lear‚Ä¶",0.502,0.135,0.773,0.091,22
323,@CTA,Tue Apr 17 01:32:25 +0000 2018,RT @gochris41: @cta Very unreliable service. Very sad,-0.526,0.0,0.674,0.326,23
324,@CTA,Tue Apr 17 01:29:56 +0000 2018,@derrickcuse @Vote4Mayor2019 @ChicagosMayor @cta Russian.,0.0,0.0,1.0,0.0,24
325,@CTA,Tue Apr 17 01:28:06 +0000 2018,RT @cta: Some Howard-bound Red Line trains are operating with residual delays after an earlier train standing at Roosevelt; service is resu‚Ä¶,0.0,0.0,1.0,0.0,25
326,@CTA,Tue Apr 17 01:27:41 +0000 2018,RT @akeyachicago: @cta There wasn't an issue the conductor had to pee.,0.0,0.0,1.0,0.0,26
327,@CTA,Tue Apr 17 01:19:00 +0000 2018,RT @cta: Some O'Hare-bound Blue Line trains are operating with residual delays after an earlier door problem at Cicero; service is resuming.,-0.402,0.0,0.886,0.114,27
328,@CTA,Tue Apr 17 00:57:44 +0000 2018,"@cta oversized ""accordion"", ""jointed"", or ""slinky"" busses have to be THE dumbest idea in Chicago, (especially on ti‚Ä¶ https://t.co/j9AjRI4Rxx",-0.511,0.0,0.845,0.155,28
329,@CTA,Tue Apr 17 00:39:30 +0000 2018,@marywizchicago @cta ü§£ü§£ü§£ü§£ü§£,0.0,0.0,1.0,0.0,29
330,@CTA,Tue Apr 17 00:19:41 +0000 2018,@Marrenheit451 @cta @jimmyjohns ü§£ Smh I know right,-0.318,0.0,0.685,0.315,30
331,@CTA,Tue Apr 17 00:03:30 +0000 2018,"RT @RepBobbyRush: Today, I joined @ChicagosMayor and @cta leadership at the opening of the new terminal at 95th Street. Federal dollars pla‚Ä¶",0.0,0.0,1.0,0.0,31
332,@CTA,Tue Apr 17 00:00:04 +0000 2018,RT @marywizchicago: I thought the last April snow was pretty - this one is annoying. At least the @CTA station heat lamps are still on. htt‚Ä¶,0.128,0.115,0.789,0.097,32
333,@CTA,Mon Apr 16 23:49:27 +0000 2018,"@ChicagosMayor @cta No citizens were allowed on the bus, just the politically connected. There's no other way to ha‚Ä¶ https://t.co/FJ1D4xLrZS",-0.527,0.0,0.804,0.196,33
334,@CTA,Mon Apr 16 23:49:15 +0000 2018,@TylerJAllen @cta Lmao... see @jimmyjohns thats how its done,0.0,0.0,1.0,0.0,34
335,@CTA,Mon Apr 16 23:47:33 +0000 2018,@RepBobbyRush @ChicagosMayor @cta Bobby Rush for Mayor!!!,0.0,0.0,1.0,0.0,35
336,@CTA,Mon Apr 16 23:26:28 +0000 2018,@cta This is how you know it‚Äôs a Blue Line train.,0.0,0.0,1.0,0.0,36
337,@CTA,Mon Apr 16 22:56:43 +0000 2018,RT @cta: Loop-bound Pink Line trains are standing at Western; crews working to restore service.,0.296,0.136,0.864,0.0,37
338,@CTA,Mon Apr 16 22:56:10 +0000 2018,RT @cta: Some O'Hare-bound Blue Line trains are operating with residual delays after an earlier door problem at Cicero; service is resuming.,-0.402,0.0,0.886,0.114,38
339,@CTA,Mon Apr 16 22:34:47 +0000 2018,RT @cta: Some Howard-bound Red Line trains are operating with residual delays after an earlier train standing at Roosevelt; service is resu‚Ä¶,0.0,0.0,1.0,0.0,39
340,@CTA,Mon Apr 16 22:34:19 +0000 2018,RT @cta: O'Hare-bound Blue Line trains are standing at Cicero due to a door problem; crews working to restore service.,-0.128,0.1,0.776,0.123,40
341,@CTA,Mon Apr 16 22:29:25 +0000 2018,RT @cta: Howard-bound Red Line trains are standing at Roosevelt; crews working to restore service.,0.296,0.136,0.864,0.0,41
342,@CTA,Mon Apr 16 22:28:40 +0000 2018,RT @cta: Some Howard-bound Red Line trains are operating with residual delays after an earlier train standing at Roosevelt; service is resu‚Ä¶,0.0,0.0,1.0,0.0,42
343,@CTA,Mon Apr 16 22:26:50 +0000 2018,RT @cta: Howard-bound Red Line trains are standing at Roosevelt; crews working to restore service.,0.296,0.136,0.864,0.0,43
344,@CTA,Mon Apr 16 22:23:28 +0000 2018,RT @cta: Howard-bound Red Line trains are standing at Roosevelt; crews working to restore service.,0.296,0.136,0.864,0.0,44
345,@CTA,Mon Apr 16 22:23:27 +0000 2018,'L' riders!  Here are some great Chicago Neighborhood Dining Options for you:  https://t.co/0OTSzz3COC‚Ä¶ https://t.co/3DmWWx6IYr,0.659,0.253,0.747,0.0,45
346,@CTA,Mon Apr 16 22:22:24 +0000 2018,@cta Very unreliable service. Very sad,-0.526,0.0,0.596,0.404,46
347,@CTA,Mon Apr 16 22:21:16 +0000 2018,"5:17pm: Today it‚Äôs a ‚Äúdoor problem.‚Äù Could we get an upgrade on our @CTABlueLn equipment, please? üôÑ @cta https://t.co/MGgKEIEokO",0.318,0.126,0.874,0.0,47
348,@CTA,Mon Apr 16 22:20:35 +0000 2018,How does the @cta tail so miserably so often? This shouldn‚Äôt be difficult. Chicago deserves better.,-0.556,0.13,0.581,0.29,48
349,@CTA,Mon Apr 16 22:20:26 +0000 2018,RT @cta: Howard-bound Red Line trains are standing at Roosevelt; crews working to restore service.,0.296,0.136,0.864,0.0,49
350,@CTA,Mon Apr 16 22:20:26 +0000 2018,RT @cta: Some Howard-bound Red Line trains are operating with residual delays after an earlier train standing at Roosevelt; service is resu‚Ä¶,0.0,0.0,1.0,0.0,50
351,@CTA,Mon Apr 16 22:19:02 +0000 2018,@cta red line is a fucking disaster right now. Wow. Totally unacceptable. This is rush hour,-0.598,0.162,0.511,0.327,51
352,@CTA,Mon Apr 16 22:18:06 +0000 2018,RT @cta: O'Hare-bound Blue Line trains are standing at Cicero due to a door problem; crews working to restore service.,-0.128,0.1,0.776,0.123,52
353,@CTA,Mon Apr 16 22:17:46 +0000 2018,RT @cta: O'Hare-bound Blue Line trains are standing at Cicero due to a door problem; crews working to restore service.,-0.128,0.1,0.776,0.123,53
354,@CTA,Mon Apr 16 22:17:40 +0000 2018,@cta There wasn't an issue the conductor had to pee.,0.0,0.0,1.0,0.0,54
355,@CTA,Mon Apr 16 22:12:08 +0000 2018,@cta Thx I appreciate the response,0.637,0.634,0.366,0.0,55
356,@CTA,Mon Apr 16 22:09:04 +0000 2018,RT @cta: Some O'Hare-bound Blue Line trains are operating with residual delays after an earlier door problem at Cicero; service is resuming.,-0.402,0.0,0.886,0.114,56
357,@CTA,Mon Apr 16 22:08:06 +0000 2018,RT @cta: O'Hare-bound Blue Line trains are standing at Cicero due to a door problem; crews working to restore service.,-0.128,0.1,0.776,0.123,57
358,@CTA,Mon Apr 16 22:05:46 +0000 2018,@cta standing 6 minutes at north/ clybourn? what?!??!!,0.0,0.0,1.0,0.0,58
359,@CTA,Mon Apr 16 22:04:58 +0000 2018,@cta n/b redline what‚Äôs up in subway?,0.0,0.0,1.0,0.0,59
360,@CTA,Mon Apr 16 22:03:17 +0000 2018,@originalbighead @unsuckdcmetro @wmata @dcmetrosucks The @cta is my truest and deepest public transit love. I miss‚Ä¶ https://t.co/0LpDFQPcJd,0.796,0.336,0.664,0.0,60
361,@CTA,Mon Apr 16 21:57:37 +0000 2018,RT @cta: Some 95th-bound Red Line  trains are operating with residual delays after an ealier mechanical problem on a train at Jarvis; servi‚Ä¶,-0.402,0.0,0.886,0.114,61
362,@CTA,Mon Apr 16 21:53:19 +0000 2018,@cta y'all ever bringing back transfers at Howard station? It really can't be that complicated to have two trains p‚Ä¶ https://t.co/L0nSPxlkUt,0.0,0.0,1.0,0.0,62
363,@CTA,Mon Apr 16 21:46:18 +0000 2018,@cta Very nice üëçüèΩ the investment in extending the red line is commendable,0.475,0.205,0.795,0.0,63
364,@CTA,Mon Apr 16 21:44:58 +0000 2018,"RT @cta: The 95th/Dan Ryan Red Line station‚Äôs new South Terminal is now open! Here are some pics from the bright, glass-enclosed space that‚Ä¶",0.493,0.122,0.878,0.0,64
365,@CTA,Mon Apr 16 21:34:56 +0000 2018,RT @cta: Loop-bound Pink Line trains are standing at Western; crews working to restore service.,0.296,0.136,0.864,0.0,65
366,@CTA,Mon Apr 16 21:33:19 +0000 2018,RT @cta: Loop-bound Pink Line trains are standing at Western; crews working to restore service.,0.296,0.136,0.864,0.0,66
367,@CTA,Mon Apr 16 21:28:06 +0000 2018,And I‚Äôd like to thank @cta for having the temperatures posted on the platform signs. Those are always accurate. ‚ÄúNe‚Ä¶ https://t.co/rA4If5a3EV,0.612,0.208,0.792,0.0,67
368,@CTA,Mon Apr 16 21:25:04 +0000 2018,Which means instead of taking a $2 @cta L ride and a .50 bus transfer I‚Äôm out $40 for an @Uber. I guess I‚Äôm lucky.‚Ä¶ https://t.co/TDQgdhBbiK,0.0,0.0,1.0,0.0,68
369,@CTA,Mon Apr 16 21:23:27 +0000 2018,@Vote4Mayor2019 @ChicagosMayor @cta @ChicagosMayor is not white. Iranian.,0.0,0.0,1.0,0.0,69
370,@CTA,Mon Apr 16 21:23:18 +0000 2018,RT @cta: Loop-bound Pink Line trains are standing at Western; crews working to restore service.,0.296,0.136,0.864,0.0,70
371,@CTA,Mon Apr 16 21:16:57 +0000 2018,"Trump throws Cohen under bus, Cohen‚Äôs lawyer throws Hannity under bus ‚Äî there are so many buses people are being th‚Ä¶ https://t.co/gZTEYhBPS6",0.0,0.0,1.0,0.0,71
372,@CTA,Mon Apr 16 21:08:08 +0000 2018,"RT @MrsTibbetts: I don't get why @dredhernandez accepted 14K from Blue Shield CEO &amp; 2,500 from @Rendon63rd 's race. Why? I thought he was a‚Ä¶",0.273,0.087,0.913,0.0,72
373,@CTA,Mon Apr 16 21:06:55 +0000 2018,@wazeillinois @ParkDistOakPark Thanks for reaching out! South Boulevard in Oak Park will be closed for one block fr‚Ä¶ https://t.co/Z8n7DP6Yns,0.271,0.209,0.67,0.121,73
374,@CTA,Mon Apr 16 21:01:31 +0000 2018,Suddenly the @cta is great https://t.co/897Mnm1eSb,0.625,0.451,0.549,0.0,74
375,@CTA,Mon Apr 16 20:57:40 +0000 2018,@cta Are there any plans for the Sheridan station to be updated?,0.0,0.0,1.0,0.0,75
376,@CTA,Mon Apr 16 20:54:00 +0000 2018,@cta @Metra could use a good thaw also..... https://t.co/eZetgd0ynV,0.44,0.293,0.707,0.0,76
377,@CTA,Mon Apr 16 20:52:17 +0000 2018,RT @cta: Some Howard-bound Red Line trains are operating with residual delays after an earlier report of a minor fire at track level at Jar‚Ä¶,-0.34,0.0,0.906,0.094,77
378,@CTA,Mon Apr 16 20:50:55 +0000 2018,RT @cta: Howard-bound Red Line trains are standing at Jarvis due to a report of a minor fire at track level; crews working to restore servi‚Ä¶,-0.052,0.083,0.827,0.09,78
379,@CTA,Mon Apr 16 20:50:28 +0000 2018,RT @cta: Howard-bound Red Line trains are standing at Jarvis due to a report of a minor fire at track level; crews working to restore servi‚Ä¶,-0.052,0.083,0.827,0.09,79
380,@CTA,Mon Apr 16 20:50:27 +0000 2018,RT @cta: Some Howard-bound Red Line trains are operating with residual delays after an earlier report of a minor fire at track level at Jar‚Ä¶,-0.34,0.0,0.906,0.094,80
381,@CTA,Mon Apr 16 20:47:29 +0000 2018,@cta Just missed a train at Howard. Female employee laughed hysterically. WTF is wrong with your #asswipe employees????,-0.831,0.112,0.485,0.403,81
382,@CTA,Mon Apr 16 20:42:46 +0000 2018,RT @cta: Some Howard-bound Red Line trains are operating with residual delays after an earlier report of a minor fire at track level at Jar‚Ä¶,-0.34,0.0,0.906,0.094,82
383,@CTA,Mon Apr 16 20:41:56 +0000 2018,RT @cta: Howard-bound Red Line trains are standing at Jarvis due to a report of a minor fire at track level; crews working to restore servi‚Ä¶,-0.052,0.083,0.827,0.09,83
384,@CTA,Mon Apr 16 20:25:38 +0000 2018,Just ordered a @chiredstarsPR kit in support of my home city of Chicago!  Also got some @CTA stuff coming as well!‚Ä¶ https://t.co/YYEO8ySiX1,0.508,0.141,0.859,0.0,84
385,@CTA,Mon Apr 16 20:11:49 +0000 2018,@cta @CTABlueLn overnight repairs start Apr17 @NobleSquareChi @eckhartpark @WestTownChicago @evachicago‚Ä¶ https://t.co/IhZlB7Zg1X,0.0,0.0,1.0,0.0,85
386,@CTA,Mon Apr 16 20:05:30 +0000 2018,Really glad the @cta doesn't have problems like this. https://t.co/XI9rey4K2O,0.533,0.379,0.477,0.144,86
387,@CTA,Mon Apr 16 19:57:46 +0000 2018,"RT @ethanspotts: You know, April 16, feels like 18... thank you @ChiPartyAunt for keeping the @cta fires going. https://t.co/ULYKGabFSN",0.612,0.227,0.773,0.0,87
388,@CTA,Mon Apr 16 19:57:22 +0000 2018,"RT @ethanspotts: You know, April 16, feels like 18... thank you @ChiPartyAunt for keeping the @cta fires going. https://t.co/ULYKGabFSN",0.612,0.227,0.773,0.0,88
389,@CTA,Mon Apr 16 19:55:55 +0000 2018,RT @cta: Some Howard-bound Red Line trains are operating with residual delays after an earlier sick customer at 35th; service is resuming.,-0.511,0.0,0.864,0.136,89
390,@CTA,Mon Apr 16 19:53:20 +0000 2018,I would love if we could require any Dockless Bike Share company that operated in Chicago to work seamlessly w/ the‚Ä¶ https://t.co/jxF6kyC2Yy,0.751,0.252,0.748,0.0,90
391,@CTA,Mon Apr 16 19:50:25 +0000 2018,RT @cta: Some Howard-bound Red Line trains are operating with residual delays after an earlier sick customer at 35th; service is resuming.,-0.511,0.0,0.864,0.136,91
392,@CTA,Mon Apr 16 19:48:05 +0000 2018,RT @cta: Howard-bound Red Line trains are standing at 35th due to a sick customer; crews working to restore service.,-0.273,0.098,0.756,0.147,92
393,@CTA,Mon Apr 16 19:46:00 +0000 2018,RT @cta: Some Howard-bound Red Line trains are operating with residual delays after an earlier sick customer at 35th; service is resuming.,-0.511,0.0,0.864,0.136,93
394,@CTA,Mon Apr 16 19:45:57 +0000 2018,RT @cta: Some Howard-bound Red Line trains are operating with residual delays after an earlier sick customer at 35th; service is resuming.,-0.511,0.0,0.864,0.136,94
395,@CTA,Mon Apr 16 19:40:26 +0000 2018,RT @cta: Howard-bound Red Line trains are standing at 35th due to a sick customer; crews working to restore service.,-0.273,0.098,0.756,0.147,95
396,@CTA,Mon Apr 16 19:38:10 +0000 2018,RT @cta: Howard-bound Red Line trains are standing at 35th due to a sick customer; crews working to restore service.,-0.273,0.098,0.756,0.147,96
397,@CTA,Mon Apr 16 19:38:08 +0000 2018,RT @cta: Howard-bound Red Line trains are standing at 35th due to a sick customer; crews working to restore service.,-0.273,0.098,0.756,0.147,97
398,@CTA,Mon Apr 16 19:32:45 +0000 2018,"Yesterday the @ChicagosMayor, along with @Alderman_Beale , @TweetinIn34 , @AldermanHopkins , and @cta opened the ne‚Ä¶ https://t.co/sOLDHtI3Hf",0.0,0.0,1.0,0.0,98
399,@CTA,Mon Apr 16 19:27:49 +0000 2018,"@cta red line train to the loop - must be 100F snow outside, sauna on the L. #ilovechicago",0.0,0.0,1.0,0.0,99
