year,month,day,time_bin,city,time_pdt,temp_F,humidity_perc,Visibility_mi,wind_dir,wind_mph,precipitation_in,events,conditions
2018,4,10,4/10/18,sf,12:56 AM,64,43%,10,W,15,,,Overcast
2018,4,10,4/10/18,sf,1:56 AM,60.1,55%,10,W,18.4,,,Mostly Cloudy
2018,4,10,4/10/18,sf,2:56 AM,57.9,72%,10,NW,4.6,,,Mostly Cloudy
2018,4,10,4/10/18,sf,3:56 AM,59,67%,10,N,3.5,,,Mostly Cloudy
2018,4,10,4/10/18,sf,4:56 AM,57.9,72%,10,NNW,4.6,,,Mostly Cloudy
2018,4,10,4/10/18,sf,5:56 AM,57.9,60%,10,W,4.6,,,Scattered Clouds
2018,4,10,4/10/18,sf,6:56 AM,57,57%,10,S,4.6,,,Mostly Cloudy
2018,4,10,4/10/18,sf,7:44 AM,57,64%,10,WNW,5.8,,,Mostly Cloudy
2018,4,10,4/10/18,sf,7:56 AM,57.9,65%,10,WNW,6.9,,,Mostly Cloudy
2018,4,10,4/10/18,sf,8:56 AM,59,72%,10,NW,4.6,,,Mostly Cloudy
2018,4,10,4/10/18,sf,9:56 AM,62.1,58%,10,NW,9.2,,,Overcast
2018,4,10,4/10/18,sf,10:56 AM,63,63%,10,WNW,8.1,,,Overcast
2018,4,10,4/10/18,sf,11:18 AM,63,65%,10,WNW,10.4,,,Overcast
2018,4,10,4/10/18,sf,11:56 AM,63,67%,10,WNW,6.9,,,Overcast
2018,4,10,4/10/18,sf,12:56 PM,64,70%,10,NW,10.4,,,Overcast
2018,4,10,4/10/18,sf,1:56 PM,64.9,70%,10,WNW,16.1,,,Overcast
2018,4,10,4/10/18,sf,2:56 PM,61,78%,10,W,12.7,,,Overcast
2018,4,10,4/10/18,sf,3:56 PM,61,78%,10,W,16.1,,,Overcast
2018,4,10,4/10/18,sf,4:22 PM,61,78%,10,W,19.6,0,,Overcast
2018,4,10,4/10/18,sf,4:56 PM,59,87%,4,W,17.3,0,,Overcast
2018,4,10,4/10/18,sf,5:42 PM,60.1,78%,10,W,16.1,,,Overcast
2018,4,10,4/10/18,sf,5:56 PM,60.1,75%,10,W,16.1,,,Mostly Cloudy
2018,4,10,4/10/18,sf,6:25 PM,57,81%,10,W,16.1,,,Overcast
2018,4,10,4/10/18,sf,6:43 PM,57,83%,10,WNW,18.4,,,Overcast
2018,4,10,4/10/18,sf,6:56 PM,57,83%,10,WNW,18.4,,,Mostly Cloudy
2018,4,10,4/10/18,sf,7:25 PM,57,77%,10,W,16.1,,,Mostly Cloudy
2018,4,10,4/10/18,sf,7:56 PM,55.9,77%,10,W,17.3,,,Scattered Clouds
2018,4,10,4/10/18,sf,10:56 PM,55,77%,10,W,15,,,Partly Cloudy
2018,4,10,4/10/18,sf,11:56 PM,54,80%,10,W,15,,,Partly Cloudy
2018,4,11,4/11/18,sf,12:56 AM,54,80%,10,W,16.1,,,Scattered Clouds
2018,4,11,4/11/18,sf,1:56 AM,53.1,80%,10,WSW,8.1,,,Scattered Clouds
2018,4,11,4/11/18,sf,2:56 AM,53.1,80%,10,WSW,17.3,,,Partly Cloudy
2018,4,11,4/11/18,sf,3:56 AM,52,77%,10,S,5.8,,,Partly Cloudy
2018,4,11,4/11/18,sf,4:56 AM,52,77%,10,SSW,4.6,,,Partly Cloudy
2018,4,11,4/11/18,sf,5:56 AM,53.1,77%,10,W,12.7,,,Scattered Clouds
2018,4,11,4/11/18,sf,6:54 AM,53.6,77%,10,W,15,,,Mostly Cloudy
2018,4,11,4/11/18,sf,6:56 AM,54,75%,10,W,12.7,,,Mostly Cloudy
2018,4,11,4/11/18,sf,7:56 AM,55,72%,10,W,9.2,,,Mostly Cloudy
2018,4,11,4/11/18,sf,8:56 AM,55.9,67%,10,W,8.1,,,Mostly Cloudy
2018,4,11,4/11/18,sf,9:08 AM,55.9,64%,10,W,10.4,,,Mostly Cloudy
2018,4,11,4/11/18,sf,9:15 AM,55.9,64%,10,WSW,8.1,,,Mostly Cloudy
2018,4,11,4/11/18,sf,9:25 AM,55.9,64%,10,WSW,5.8,,,Mostly Cloudy
2018,4,11,4/11/18,sf,9:56 AM,57,59%,10,SW,6.9,,,Mostly Cloudy
2018,4,11,4/11/18,sf,10:56 AM,59,58%,10,N,3.5,,,Mostly Cloudy
2018,4,11,4/11/18,sf,11:56 AM,61,58%,10,W,5.8,,,Overcast
2018,4,11,4/11/18,sf,12:56 PM,62.1,56%,10,W,20.7,,,Mostly Cloudy
2018,4,11,4/11/18,sf,1:56 PM,61,54%,10,WSW,20.7,,,Overcast
2018,4,11,4/11/18,sf,2:56 PM,59,55%,10,WSW,9.2,,,Mostly Cloudy
2018,4,11,4/11/18,sf,3:56 PM,62.1,52%,10,SSW,17.3,,,Mostly Cloudy
2018,4,11,4/11/18,sf,4:56 PM,60.1,60%,10,SSW,20.7,,,Overcast
2018,4,11,4/11/18,sf,5:56 PM,59,62%,10,SSW,23,,,Overcast
2018,4,11,4/11/18,sf,6:06 PM,57.9,67%,1.5,SSW,23,,,Haze
2018,4,11,4/11/18,sf,6:18 PM,55.9,80%,4,SSW,19.6,0,Rain,Light Rain
2018,4,11,4/11/18,sf,6:56 PM,54,83%,4,W,27.6,0.01,Rain,Rain
2018,4,11,4/11/18,sf,6:59 PM,52,80%,2.5,W,25.3,0.04,Rain,Heavy Rain
2018,4,11,4/11/18,sf,7:21 PM,52,89%,4,W,18.4,0.11,Rain,Light Rain
2018,4,11,4/11/18,sf,7:56 PM,52,89%,3,W,21.9,0.18,Rain,Rain
2018,4,11,4/11/18,sf,8:56 PM,52,93%,10,W,11.5,0.03,,Mostly Cloudy
2018,4,11,4/11/18,sf,9:56 PM,52,77%,10,W,8.1,,,Mostly Cloudy
2018,4,11,4/11/18,sf,10:56 PM,52,71%,10,WNW,12.7,,,Mostly Cloudy
2018,4,11,4/11/18,sf,11:56 PM,52,71%,10,WNW,11.5,,,Scattered Clouds
2018,4,12,4/12/18,sf,12:56 AM,54,80%,10,W,16.1,,,Scattered Clouds
2018,4,12,4/12/18,sf,1:56 AM,53.1,80%,10,WSW,8.1,,,Scattered Clouds
2018,4,12,4/12/18,sf,2:56 AM,53.1,80%,10,WSW,17.3,,,Partly Cloudy
2018,4,12,4/12/18,sf,3:56 AM,52,77%,10,S,5.8,,,Partly Cloudy
2018,4,12,4/12/18,sf,4:56 AM,52,77%,10,SSW,4.6,,,Partly Cloudy
2018,4,12,4/12/18,sf,5:56 AM,53.1,77%,10,W,12.7,,,Scattered Clouds
2018,4,12,4/12/18,sf,6:54 AM,53.6,77%,10,W,15,,,Mostly Cloudy
2018,4,12,4/12/18,sf,6:56 AM,54,75%,10,W,12.7,,,Mostly Cloudy
2018,4,12,4/12/18,sf,7:56 AM,55,72%,10,W,9.2,,,Mostly Cloudy
2018,4,12,4/12/18,sf,8:56 AM,55.9,67%,10,W,8.1,,,Mostly Cloudy
2018,4,12,4/12/18,sf,9:08 AM,55.9,64%,10,W,10.4,,,Mostly Cloudy
2018,4,12,4/12/18,sf,9:15 AM,55.9,64%,10,WSW,8.1,,,Mostly Cloudy
2018,4,12,4/12/18,sf,9:25 AM,55.9,64%,10,WSW,5.8,,,Mostly Cloudy
2018,4,12,4/12/18,sf,9:56 AM,57,59%,10,SW,6.9,,,Mostly Cloudy
2018,4,12,4/12/18,sf,10:56 AM,59,58%,10,N,3.5,,,Mostly Cloudy
2018,4,12,4/12/18,sf,11:56 AM,61,58%,10,W,5.8,,,Overcast
2018,4,12,4/12/18,sf,12:56 PM,62.1,56%,10,W,20.7,,,Mostly Cloudy
2018,4,12,4/12/18,sf,1:56 PM,61,54%,10,WSW,20.7,,,Overcast
2018,4,12,4/12/18,sf,2:56 PM,59,55%,10,WSW,9.2,,,Mostly Cloudy
2018,4,12,4/12/18,sf,3:56 PM,62.1,52%,10,SSW,17.3,,,Mostly Cloudy
2018,4,12,4/12/18,sf,4:56 PM,60.1,60%,10,SSW,20.7,,,Overcast
2018,4,12,4/12/18,sf,5:56 PM,59,62%,10,SSW,23,,,Overcast
2018,4,12,4/12/18,sf,6:06 PM,57.9,67%,1.5,SSW,23,,,Haze
2018,4,12,4/12/18,sf,6:18 PM,55.9,80%,4,SSW,19.6,0,Rain,Light Rain
2018,4,12,4/12/18,sf,6:56 PM,54,83%,4,W,27.6,0.01,Rain,Rain
2018,4,12,4/12/18,sf,6:59 PM,52,80%,2.5,W,25.3,0.04,Rain,Heavy Rain
2018,4,12,4/12/18,sf,7:21 PM,52,89%,4,W,18.4,0.11,Rain,Light Rain
2018,4,12,4/12/18,sf,7:56 PM,52,89%,3,W,21.9,0.18,Rain,Rain
2018,4,12,4/12/18,sf,8:56 PM,52,93%,10,W,11.5,0.03,,Mostly Cloudy
2018,4,12,4/12/18,sf,9:56 PM,52,77%,10,W,8.1,,,Mostly Cloudy
2018,4,12,4/12/18,sf,10:56 PM,52,71%,10,WNW,12.7,,,Mostly Cloudy
2018,4,12,4/12/18,sf,11:56 PM,52,71%,10,WNW,11.5,,,Scattered Clouds
2018,4,13,4/13/18,sf,12:56 AM,51.1,66%,10,W,6.9,,,Clear
2018,4,13,4/13/18,sf,1:56 AM,50,68%,10,W,4.6,,,Clear
2018,4,13,4/13/18,sf,2:56 AM,48.9,71%,10,W,4.6,,,Clear
2018,4,13,4/13/18,sf,3:56 AM,48,74%,10,SW,4.6,,,Clear
2018,4,13,4/13/18,sf,4:56 AM,46.9,74%,10,WSW,4.6,,,Clear
2018,4,13,4/13/18,sf,5:56 AM,46.9,71%,10,Calm,Calm,,,Partly Cloudy
2018,4,13,4/13/18,sf,6:56 AM,48,71%,10,Calm,Calm,,,Partly Cloudy
2018,4,13,4/13/18,sf,7:56 AM,51.1,66%,10,W,3.5,,,Clear
2018,4,13,4/13/18,sf,8:56 AM,55.9,51%,10,Calm,Calm,,,Partly Cloudy
2018,4,13,4/13/18,sf,9:56 AM,57,59%,10,NE,3.5,,,Partly Cloudy
2018,4,13,4/13/18,sf,10:56 AM,59,53%,10,NNE,4.6,,,Partly Cloudy
2018,4,13,4/13/18,sf,11:56 AM,61,50%,10,N,9.2,,,Clear
2018,4,13,4/13/18,sf,12:56 PM,62.1,50%,10,N,6.9,,,Partly Cloudy
2018,4,13,4/13/18,sf,1:56 PM,64,46%,10,W,17.3,,,Partly Cloudy
2018,4,13,4/13/18,sf,2:56 PM,66,40%,10,W,16.1,,,Scattered Clouds
2018,4,13,4/13/18,sf,3:56 PM,64.9,47%,10,W,18.4,,,Scattered Clouds
2018,4,13,4/13/18,sf,4:56 PM,63,52%,10,W,17.3,,,Scattered Clouds
2018,4,13,4/13/18,sf,5:56 PM,61,56%,10,W,19.6,,,Scattered Clouds
2018,4,13,4/13/18,sf,6:56 PM,60.1,57%,10,W,16.1,,,Scattered Clouds
2018,4,13,4/13/18,sf,7:56 PM,57,64%,10,W,16.1,,,Scattered Clouds
2018,4,13,4/13/18,sf,8:56 PM,55.9,67%,10,W,13.8,,,Clear
2018,4,13,4/13/18,sf,9:56 PM,55.9,69%,10,W,12.7,,,Clear
2018,4,13,4/13/18,sf,10:56 PM,55,74%,10,W,10.4,,,Clear
2018,4,13,4/13/18,sf,11:56 PM,55,74%,10,WNW,9.2,,,Clear
2018,4,14,4/14/18,sf,12:56 AM,55,74%,10,S,4.6,,,Clear
2018,4,14,4/14/18,sf,1:56 AM,55.9,67%,10,Calm,Calm,,,Clear
2018,4,14,4/14/18,sf,2:56 AM,52,77%,10,W,8.1,,,Clear
2018,4,14,4/14/18,sf,3:56 AM,53.1,77%,10,WNW,3.5,,,Partly Cloudy
2018,4,14,4/14/18,sf,4:56 AM,52,77%,10,SSW,4.6,,,Partly Cloudy
2018,4,14,4/14/18,sf,5:56 AM,51.1,77%,10,Calm,Calm,,,Clear
2018,4,14,4/14/18,sf,6:56 AM,53.1,74%,10,Calm,Calm,,,Partly Cloudy
2018,4,14,4/14/18,sf,7:56 AM,55,77%,10,Calm,Calm,,,Clear
2018,4,14,4/14/18,sf,8:56 AM,59,69%,10,NE,3.5,,,Clear
2018,4,14,4/14/18,sf,9:56 AM,60.1,72%,10,NNE,4.6,,,Clear
2018,4,14,4/14/18,sf,10:56 AM,62.1,70%,10,NNE,4.6,,,Clear
2018,4,14,4/14/18,sf,11:56 AM,63,70%,10,NNE,6.9,,,Clear
2018,4,14,4/14/18,sf,12:56 PM,64.9,61%,10,NNE,5.8,,,Partly Cloudy
2018,4,14,4/14/18,sf,1:56 PM,66.9,63%,10,N,8.1,,,Partly Cloudy
2018,4,14,4/14/18,sf,2:56 PM,70,51%,10,WNW,16.1,,,Partly Cloudy
2018,4,14,4/14/18,sf,3:56 PM,66,54%,10,WNW,18.4,,,Partly Cloudy
2018,4,14,4/14/18,sf,4:56 PM,64,50%,10,W,27.6,,,Partly Cloudy
2018,4,14,4/14/18,sf,5:56 PM,63,46%,10,W,23,,,Scattered Clouds
2018,4,14,4/14/18,sf,6:56 PM,60.1,55%,10,W,19.6,,,Scattered Clouds
2018,4,14,4/14/18,sf,7:56 PM,57.9,53%,10,W,19.6,,,Scattered Clouds
2018,4,14,4/14/18,sf,8:56 PM,57,59%,10,W,15,,,Scattered Clouds
2018,4,14,4/14/18,sf,9:56 PM,55.9,67%,10,W,18.4,,,Scattered Clouds
2018,4,14,4/14/18,sf,10:56 PM,55,72%,10,W,20.7,,,Mostly Cloudy
2018,4,14,4/14/18,sf,11:56 PM,55,74%,10,W,17.3,,,Scattered Clouds
2018,4,15,4/15/18,sf,12:56 AM,54,75%,10,W,11.5,,,Partly Cloudy
2018,4,15,4/15/18,sf,1:56 AM,54,72%,10,W,9.2,,,Clear
2018,4,15,4/15/18,sf,2:56 AM,55,64%,10,WSW,8.1,,,Clear
2018,4,15,4/15/18,sf,3:56 AM,54,69%,10,WSW,11.5,,,Partly Cloudy
2018,4,15,4/15/18,sf,4:56 AM,54,69%,10,W,10.4,,,Partly Cloudy
2018,4,15,4/15/18,sf,5:56 AM,53.1,69%,10,Variable,4.6,,,Partly Cloudy
2018,4,15,4/15/18,sf,6:56 AM,53.1,69%,10,WSW,8.1,,,Mostly Cloudy
2018,4,15,4/15/18,sf,7:56 AM,55,72%,10,W,10.4,,,Scattered Clouds
2018,4,15,4/15/18,sf,8:56 AM,55.9,69%,10,W,13.8,,,Mostly Cloudy
2018,4,15,4/15/18,sf,9:56 AM,59,62%,10,WSW,15,,,Mostly Cloudy
2018,4,15,4/15/18,sf,10:56 AM,60.1,62%,10,W,12.7,,,Mostly Cloudy
2018,4,15,4/15/18,sf,11:56 AM,62.1,53%,10,SW,16.1,,,Scattered Clouds
2018,4,15,4/15/18,sf,12:56 PM,64,46%,10,SW,15,,,Scattered Clouds
2018,4,15,4/15/18,sf,1:56 PM,63,50%,10,SSW,17.3,,,Scattered Clouds
2018,4,15,4/15/18,sf,2:56 PM,61,58%,10,SSW,12.7,,,Overcast
2018,4,15,4/15/18,sf,3:12 PM,59,62%,10,SW,19.6,,,Overcast
2018,4,15,4/15/18,sf,3:56 PM,60.1,64%,10,SSW,16.1,,,Overcast
2018,4,15,4/15/18,sf,4:21 PM,60.1,69%,7,SSW,19.6,,,Overcast
2018,4,15,4/15/18,sf,4:56 PM,55.9,77%,10,W,10.4,0.02,Rain,Light Rain
2018,4,15,4/15/18,sf,5:56 PM,55,80%,6,W,12.7,0.01,Rain,Rain
2018,4,15,4/15/18,sf,6:56 PM,53.1,74%,10,W,12.7,0.01,Rain,Light Rain
2018,4,15,4/15/18,sf,7:56 PM,53.1,77%,10,W,8.1,0.01,,Scattered Clouds
2018,4,15,4/15/18,sf,8:56 PM,53.1,74%,10,W,10.4,,,Partly Cloudy
2018,4,15,4/15/18,sf,9:56 PM,52,74%,10,SW,6.9,,,Partly Cloudy
2018,4,15,4/15/18,sf,10:56 PM,52,74%,10,S,3.5,,,Scattered Clouds
2018,4,15,4/15/18,sf,11:56 PM,52,74%,10,S,5.8,,,Scattered Clouds
2018,4,16,4/16/18,sf,12:56 AM,51.1,68%,10,Calm,Calm,0,,Mostly Cloudy
2018,4,16,4/16/18,sf,1:56 AM,51.1,71%,10,S,3.5,,,Partly Cloudy
2018,4,16,4/16/18,sf,2:56 AM,51.1,71%,10,WSW,4.6,0,Rain,Light Rain
2018,4,16,4/16/18,sf,3:56 AM,48.9,77%,10,S,6.9,0.08,,Mostly Cloudy
2018,4,16,4/16/18,sf,4:56 AM,48,80%,10,S,5.8,,,Scattered Clouds
2018,4,16,4/16/18,sf,5:56 AM,48.9,80%,10,SE,4.6,,,Scattered Clouds
2018,4,16,4/16/18,sf,6:56 AM,48,83%,10,S,5.8,,,Scattered Clouds
2018,4,16,4/16/18,sf,7:56 AM,52,74%,10,S,4.6,0,,Scattered Clouds
2018,4,16,4/16/18,sf,8:26 AM,50,77%,10,W,17.3,0,,Mostly Cloudy
2018,4,16,4/16/18,sf,8:56 AM,52,69%,10,WSW,9.2,0,,Mostly Cloudy
2018,4,16,4/16/18,sf,9:56 AM,53.1,64%,10,SSW,11.5,,,Mostly Cloudy
2018,4,16,4/16/18,sf,10:56 AM,54,59%,10,SSW,9.2,,,Mostly Cloudy
2018,4,16,4/16/18,sf,11:56 AM,55,51%,10,W,12.7,,,Mostly Cloudy
2018,4,16,4/16/18,sf,12:56 PM,50,71%,10,W,13.8,0.01,Rain,Rain
2018,4,16,4/16/18,sf,1:56 PM,54,64%,10,WSW,16.1,0.01,,Mostly Cloudy
2018,4,16,4/16/18,sf,2:56 PM,54,64%,10,SW,12.7,0,,Mostly Cloudy
2018,4,16,4/16/18,sf,3:56 PM,55,51%,10,WSW,20.7,,,Mostly Cloudy
2018,4,16,4/16/18,sf,4:56 PM,55,55%,10,W,18.4,,,Mostly Cloudy
2018,4,16,4/16/18,sf,5:56 PM,53.1,69%,10,W,23,0.01,,Mostly Cloudy
2018,4,16,4/16/18,sf,6:56 PM,52,63%,10,W,24.2,,,Mostly Cloudy
2018,4,16,4/16/18,sf,7:56 PM,51.1,66%,10,W,23,,,Mostly Cloudy
2018,4,16,4/16/18,sf,8:56 PM,51.1,63%,10,WNW,16.1,,,Scattered Clouds
2018,4,16,4/16/18,sf,9:56 PM,51.1,68%,10,WNW,12.7,,,Partly Cloudy
2018,4,16,4/16/18,sf,10:56 PM,50,68%,10,WNW,11.5,,,Partly Cloudy
2018,4,16,4/16/18,sf,11:56 PM,50,71%,10,W,12.7,,,Partly Cloudy
2018,4,17,4/17/18,sf,12:56 AM,50,68%,10,WNW,11.5,,,Partly Cloudy
2018,4,17,4/17/18,sf,1:56 AM,48,71%,10,W,6.9,,,Partly Cloudy
2018,4,17,4/17/18,sf,2:56 AM,48,71%,10,W,6.9,,,Partly Cloudy
2018,4,17,4/17/18,sf,3:56 AM,46.9,71%,10,SW,3.5,,,Partly Cloudy
2018,4,17,4/17/18,sf,4:56 AM,46,76%,10,WSW,3.5,,,Partly Cloudy
2018,4,17,4/17/18,sf,5:56 AM,45,80%,10,SW,3.5,,,Partly Cloudy
2018,4,17,4/17/18,sf,6:56 AM,46.9,74%,10,W,4.6,,,Scattered Clouds
2018,4,17,4/17/18,sf,7:03 AM,48,71%,10,W,4.6,,,Mostly Cloudy
2018,4,17,4/17/18,sf,7:56 AM,50,68%,10,Calm,Calm,,,Overcast
2018,4,17,4/17/18,sf,8:48 AM,52,71%,10,N,8.1,,,Partly Cloudy
2018,4,17,4/17/18,sf,8:56 AM,52,71%,10,N,6.9,,,Partly Cloudy
2018,4,17,4/17/18,sf,9:56 AM,54,64%,10,NE,4.6,,,Partly Cloudy
2018,4,17,4/17/18,sf,10:56 AM,55.9,64%,10,NNE,4.6,,,Partly Cloudy
2018,4,17,4/17/18,sf,11:56 AM,57,53%,10,Calm,Calm,,,Partly Cloudy
2018,4,17,4/17/18,sf,12:56 PM,59,51%,10,Calm,Calm,,,Partly Cloudy
2018,4,17,4/17/18,sf,1:56 PM,60.1,53%,10,N,4.6,,,Partly Cloudy
2018,4,17,4/17/18,sf,2:56 PM,63,35%,10,N,5.8,,,Scattered Clouds
2018,4,17,4/17/18,sf,3:28 PM,62.1,50%,10,WNW,16.1,,,Scattered Clouds
2018,4,10,4/10/18,nyc,12:51 AM,41,65%,10,Calm,Calm,,,Overcast
2018,4,10,4/10/18,nyc,1:51 AM,39.9,70%,10,W,5.8,0,Rain,Light Rain
2018,4,10,4/10/18,nyc,2:48 AM,39.2,75%,8,W,6.9,0,Rain,Light Rain
2018,4,10,4/10/18,nyc,2:51 AM,39,76%,8,W,5.8,0,Rain,Light Rain
2018,4,10,4/10/18,nyc,3:51 AM,39,79%,8,Calm,Calm,0.01,Rain,Light Rain
2018,4,10,4/10/18,nyc,4:09 AM,37.9,83%,7,WNW,4.6,0,,Overcast
2018,4,10,4/10/18,nyc,4:19 AM,39,79%,7,Calm,Calm,0,Rain,Light Rain
2018,4,10,4/10/18,nyc,4:51 AM,39,79%,7,W,3.5,0,,Overcast
2018,4,10,4/10/18,nyc,5:51 AM,39,82%,6,Variable,3.5,,,Haze
2018,4,10,4/10/18,nyc,6:51 AM,39,79%,6,NW,4.6,,,Haze
2018,4,10,4/10/18,nyc,7:35 AM,39,79%,5,W,4.6,,,Haze
2018,4,10,4/10/18,nyc,7:47 AM,39.2,81%,5,WNW,5.8,,,Haze
2018,4,10,4/10/18,nyc,7:51 AM,39,79%,5,Variable,3.5,,,Haze
2018,4,10,4/10/18,nyc,8:46 AM,39.2,81%,5,Variable,4.6,,,Haze
2018,4,10,4/10/18,nyc,8:51 AM,39,79%,5,Calm,Calm,,,Haze
2018,4,10,4/10/18,nyc,9:21 AM,39,76%,5,W,6.9,,,Haze
2018,4,10,4/10/18,nyc,9:47 AM,41,70%,6,Variable,4.6,,,Haze
2018,4,10,4/10/18,nyc,9:51 AM,41,70%,6,Calm,Calm,,,Haze
2018,4,10,4/10/18,nyc,10:51 AM,43,62%,7,WNW,5.8,,,Overcast
2018,4,10,4/10/18,nyc,11:51 AM,43,60%,9,W,5.8,,,Overcast
2018,4,10,4/10/18,nyc,12:51 PM,45,48%,10,W,9.2,,,Overcast
2018,4,10,4/10/18,nyc,1:51 PM,46.9,44%,10,NW,6.9,,,Mostly Cloudy
2018,4,10,4/10/18,nyc,2:51 PM,48,39%,10,NW,8.1,,,Mostly Cloudy
2018,4,10,4/10/18,nyc,3:51 PM,50,35%,10,Variable,5.8,,,Mostly Cloudy
2018,4,10,4/10/18,nyc,4:51 PM,48.9,35%,10,Calm,Calm,,,Mostly Cloudy
2018,4,10,4/10/18,nyc,5:51 PM,48,33%,10,W,10.4,,,Scattered Clouds
2018,4,10,4/10/18,nyc,6:51 PM,46.9,34%,10,Variable,6.9,,,Mostly Cloudy
2018,4,10,4/10/18,nyc,7:51 PM,46,33%,10,WNW,8.1,,,Scattered Clouds
2018,4,10,4/10/18,nyc,8:51 PM,45,34%,10,Variable,3.5,,,Clear
2018,4,10,4/10/18,nyc,9:51 PM,44.1,35%,10,NW,5.8,,,Clear
2018,4,10,4/10/18,nyc,10:51 PM,42.1,40%,10,N,,,,Clear
2018,4,10,4/10/18,nyc,11:51 PM,41,41%,10,Variable,3.5,,,Clear
2018,4,11,4/11/18,nyc,12:51 AM,39.9,43%,10,N,4.6,,,Clear
2018,4,11,4/11/18,nyc,1:51 AM,39.9,45%,10,Variable,4.6,,,Clear
2018,4,11,4/11/18,nyc,2:51 AM,39.9,45%,10,NNE,5.8,,,Clear
2018,4,11,4/11/18,nyc,3:51 AM,39,46%,10,N,3.5,,,Clear
2018,4,11,4/11/18,nyc,4:51 AM,39,49%,10,NNE,4.6,,,Clear
2018,4,11,4/11/18,nyc,5:51 AM,37.9,53%,10,NNE,4.6,,,Clear
2018,4,11,4/11/18,nyc,6:51 AM,37.9,53%,10,ENE,5.8,,,Clear
2018,4,11,4/11/18,nyc,7:51 AM,41,47%,10,Calm,Calm,,,Clear
2018,4,11,4/11/18,nyc,8:51 AM,44.1,38%,10,Calm,Calm,,,Clear
2018,4,11,4/11/18,nyc,9:51 AM,46.9,24%,10,East,5.8,,,Clear
2018,4,11,4/11/18,nyc,10:51 AM,48,26%,10,Calm,Calm,,,Clear
2018,4,11,4/11/18,nyc,11:51 AM,48,29%,10,Calm,Calm,,,Partly Cloudy
2018,4,11,4/11/18,nyc,12:51 PM,48.9,28%,10,Variable,3.5,,,Mostly Cloudy
2018,4,11,4/11/18,nyc,1:51 PM,50,29%,10,Variable,4.6,,,Overcast
2018,4,11,4/11/18,nyc,2:51 PM,50,28%,10,Variable,4.6,,,Overcast
2018,4,11,4/11/18,nyc,3:51 PM,48.9,36%,10,Variable,3.5,,,Overcast
2018,4,11,4/11/18,nyc,4:51 PM,48.9,38%,10,Variable,3.5,,,Overcast
2018,4,11,4/11/18,nyc,5:51 PM,48,42%,10,S,6.9,,,Overcast
2018,4,11,4/11/18,nyc,6:51 PM,46.9,48%,10,Variable,5.8,,,Partly Cloudy
2018,4,11,4/11/18,nyc,7:51 PM,46,54%,10,S,5.8,,,Partly Cloudy
2018,4,11,4/11/18,nyc,8:51 PM,46,58%,10,S,4.6,,,Overcast
2018,4,11,4/11/18,nyc,9:51 PM,46,56%,10,Variable,3.5,,,Partly Cloudy
2018,4,11,4/11/18,nyc,10:51 PM,46,58%,10,Calm,Calm,,,Mostly Cloudy
2018,4,11,4/11/18,nyc,11:51 PM,46.9,54%,10,Variable,3.5,,,Overcast
2018,4,12,4/12/18,nyc,12:51 AM,46.9,48%,10,Variable,4.6,,,Clear
2018,4,12,4/12/18,nyc,1:51 AM,46.9,48%,10,W,9.2,,,Scattered Clouds
2018,4,12,4/12/18,nyc,2:51 AM,46,50%,10,N,,,,Mostly Cloudy
2018,4,12,4/12/18,nyc,3:51 AM,46,51%,10,Variable,5.8,,,Overcast
2018,4,12,4/12/18,nyc,4:51 AM,46.9,52%,10,Variable,4.6,,,Mostly Cloudy
2018,4,12,4/12/18,nyc,5:51 AM,46,54%,10,Calm,Calm,,,Scattered Clouds
2018,4,12,4/12/18,nyc,6:51 AM,46.9,52%,10,Calm,Calm,,,Mostly Cloudy
2018,4,12,4/12/18,nyc,7:51 AM,48.9,50%,10,Calm,Calm,,,Partly Cloudy
2018,4,12,4/12/18,nyc,8:51 AM,51.1,48%,10,W,3.5,,,Clear
2018,4,12,4/12/18,nyc,9:51 AM,54,43%,10,Calm,Calm,,,Partly Cloudy
2018,4,12,4/12/18,nyc,10:51 AM,55,42%,10,S,5.8,,,Scattered Clouds
2018,4,12,4/12/18,nyc,11:51 AM,57.9,39%,10,Calm,Calm,,,Clear
2018,4,12,4/12/18,nyc,12:51 PM,60.1,36%,10,Variable,6.9,,,Scattered Clouds
2018,4,12,4/12/18,nyc,1:51 PM,60.1,39%,10,Variable,6.9,,,Scattered Clouds
2018,4,12,4/12/18,nyc,2:51 PM,57,47%,10,Variable,4.6,,,Overcast
2018,4,12,4/12/18,nyc,3:51 PM,55.9,51%,10,S,9.2,,,Clear
2018,4,12,4/12/18,nyc,4:51 PM,55,59%,10,SSE,8.1,,,Clear
2018,4,12,4/12/18,nyc,5:51 PM,54,62%,10,S,8.1,,,Partly Cloudy
2018,4,12,4/12/18,nyc,6:51 PM,57,55%,10,Variable,6.9,,,Partly Cloudy
2018,4,12,4/12/18,nyc,7:51 PM,59,51%,10,Variable,5.8,,,Clear
2018,4,12,4/12/18,nyc,8:51 PM,59,53%,10,S,8.1,,,Clear
2018,4,12,4/12/18,nyc,9:51 PM,57,57%,10,S,9.2,,,Clear
2018,4,12,4/12/18,nyc,10:51 PM,57.9,53%,10,S,9.2,,,Clear
2018,4,12,4/12/18,nyc,11:51 PM,59,51%,10,Variable,5.8,,,Clear
2018,4,13,4/13/18,nyc,12:51 AM,60.1,49%,10,SW,8.1,,,Clear
2018,4,13,4/13/18,nyc,1:51 AM,60.1,49%,10,Variable,6.9,,,Clear
2018,4,13,4/13/18,nyc,2:51 AM,61,48%,10,Variable,5.8,,,Clear
2018,4,13,4/13/18,nyc,3:51 AM,62.1,44%,10,WSW,8.1,,,Clear
2018,4,13,4/13/18,nyc,4:51 AM,62.1,46%,10,WSW,11.5,,,Clear
2018,4,13,4/13/18,nyc,5:51 AM,62.1,46%,10,N,,,,Clear
2018,4,13,4/13/18,nyc,6:51 AM,61,48%,10,W,9.2,,,Clear
2018,4,13,4/13/18,nyc,7:51 AM,63,45%,10,N,,,,Overcast
2018,4,13,4/13/18,nyc,8:51 AM,63,46%,10,W,8.1,,,Clear
2018,4,13,4/13/18,nyc,9:51 AM,66,42%,10,W,8.1,,,Clear
2018,4,13,4/13/18,nyc,10:51 AM,69.1,38%,10,Variable,6.9,,,Clear
2018,4,13,4/13/18,nyc,11:51 AM,73,33%,10,WSW,8.1,,,Clear
2018,4,13,4/13/18,nyc,12:51 PM,75,31%,10,Variable,5.8,,,Clear
2018,4,13,4/13/18,nyc,1:51 PM,80.1,27%,10,Calm,Calm,,,Clear
2018,4,13,4/13/18,nyc,2:51 PM,81,26%,10,Variable,6.9,,,Clear
2018,4,13,4/13/18,nyc,3:51 PM,81,25%,10,WSW,8.1,,,Clear
2018,4,13,4/13/18,nyc,4:51 PM,82,22%,10,WSW,5.8,,,Clear
2018,4,13,4/13/18,nyc,5:51 PM,78.1,29%,10,S,4.6,,,Clear
2018,4,13,4/13/18,nyc,6:51 PM,73.9,35%,10,Calm,Calm,,,Clear
2018,4,13,4/13/18,nyc,7:51 PM,68,45%,10,Calm,Calm,,,Clear
2018,4,13,4/13/18,nyc,8:51 PM,66,47%,10,Variable,4.6,,,Clear
2018,4,13,4/13/18,nyc,9:51 PM,73,39%,10,Calm,Calm,,,Clear
2018,4,13,4/13/18,nyc,10:51 PM,71.1,44%,10,S,3.5,,,Clear
2018,4,13,4/13/18,nyc,11:51 PM,70,46%,10,Variable,4.6,,,Clear
2018,4,14,4/14/18,nyc,12:51 AM,68,49%,10,Variable,4.6,,,Clear
2018,4,14,4/14/18,nyc,1:51 AM,68,49%,10,Variable,4.6,,,Clear
2018,4,14,4/14/18,nyc,2:51 AM,66.9,51%,10,Variable,3.5,,,Clear
2018,4,14,4/14/18,nyc,3:51 AM,66.9,52%,10,Variable,5.8,,,Clear
2018,4,14,4/14/18,nyc,4:51 AM,66.9,52%,10,Variable,3.5,,,Clear
2018,4,14,4/14/18,nyc,5:51 AM,64.9,56%,10,WSW,6.9,,,Clear
2018,4,14,4/14/18,nyc,6:51 AM,66,56%,10,WSW,6.9,,,Clear
2018,4,14,4/14/18,nyc,7:51 AM,66.9,54%,10,Variable,5.8,,,Clear
2018,4,14,4/14/18,nyc,8:51 AM,66.9,54%,10,WSW,3.5,,,Clear
2018,4,14,4/14/18,nyc,9:51 AM,69.1,49%,10,Calm,Calm,,,Clear
2018,4,14,4/14/18,nyc,10:51 AM,73,44%,9,Variable,3.5,,,Clear
2018,4,14,4/14/18,nyc,11:51 AM,72,44%,10,East,6.9,,,Clear
2018,4,14,4/14/18,nyc,12:51 PM,73.9,41%,10,Variable,5.8,,,Clear
2018,4,14,4/14/18,nyc,1:51 PM,75.9,38%,10,East,9.2,,,Clear
2018,4,14,4/14/18,nyc,2:51 PM,75.9,38%,10,ENE,9.2,,,Clear
2018,4,14,4/14/18,nyc,3:51 PM,73,41%,10,East,10.4,,,Clear
2018,4,14,4/14/18,nyc,4:51 PM,66,54%,9,East,9.2,,,Clear
2018,4,14,4/14/18,nyc,5:51 PM,60.1,64%,8,ENE,11.5,,,Clear
2018,4,14,4/14/18,nyc,6:51 PM,55,72%,8,Variable,6.9,,,Clear
2018,4,14,4/14/18,nyc,7:28 PM,54,72%,9,ESE,6.9,,,Mostly Cloudy
2018,4,14,4/14/18,nyc,7:51 PM,53.1,71%,10,ENE,8.1,,,Overcast
2018,4,14,4/14/18,nyc,8:51 PM,52,63%,10,East,12.7,,,Overcast
2018,4,14,4/14/18,nyc,9:51 PM,50,68%,10,East,9.2,,,Overcast
2018,4,14,4/14/18,nyc,10:51 PM,48,74%,10,ENE,10.4,,,Overcast
2018,4,14,4/14/18,nyc,11:31 PM,46,79%,6,ENE,12.7,,,Haze
2018,4,14,4/14/18,nyc,11:51 PM,45,82%,5,ENE,16.1,,,Haze
2018,4,15,4/15/18,nyc,12:51 AM,44.1,76%,9,Variable,6.9,,,Overcast
2018,4,15,4/15/18,nyc,1:15 AM,44.1,68%,10,ENE,15,,,Overcast
2018,4,15,4/15/18,nyc,1:51 AM,44.1,63%,10,ENE,12.7,,,Overcast
2018,4,15,4/15/18,nyc,2:51 AM,43,68%,10,ENE,13.8,,,Overcast
2018,4,15,4/15/18,nyc,3:51 AM,43,68%,10,ENE,12.7,,,Overcast
2018,4,15,4/15/18,nyc,4:51 AM,42.1,70%,10,ENE,11.5,,,Overcast
2018,4,15,4/15/18,nyc,5:51 AM,42.1,65%,10,ENE,13.8,,,Overcast
2018,4,15,4/15/18,nyc,6:51 AM,42.1,65%,10,ENE,15,,,Overcast
2018,4,15,4/15/18,nyc,7:51 AM,42.1,65%,10,East,16.1,,,Overcast
2018,4,15,4/15/18,nyc,8:51 AM,42.1,65%,10,ENE,9.2,,,Overcast
2018,4,15,4/15/18,nyc,9:51 AM,42.1,67%,10,Variable,6.9,,,Overcast
2018,4,15,4/15/18,nyc,10:51 AM,41,70%,10,ENE,11.5,,,Overcast
2018,4,15,4/15/18,nyc,11:51 AM,42.1,62%,10,East,16.1,,,Overcast
2018,4,15,4/15/18,nyc,12:51 PM,42.1,65%,10,ENE,10.4,,,Overcast
2018,4,15,4/15/18,nyc,1:51 PM,42.1,62%,10,ENE,15,,,Overcast
2018,4,15,4/15/18,nyc,2:51 PM,41,67%,10,ENE,13.8,,,Overcast
2018,4,15,4/15/18,nyc,3:51 PM,41,70%,10,ENE,11.5,,,Overcast
2018,4,15,4/15/18,nyc,4:51 PM,39.9,73%,10,East,12.7,,,Overcast
2018,4,15,4/15/18,nyc,5:51 PM,39,82%,7,ENE,9.2,0,Rain,Light Rain
2018,4,15,4/15/18,nyc,6:23 PM,37.9,89%,2,East,15,0.01,Rain,Rain
2018,4,15,4/15/18,nyc,6:35 PM,37.9,93%,4,East,11.5,0.02,Rain,Light Rain
2018,4,15,4/15/18,nyc,6:43 PM,37.9,93%,4,East,13.8,0.02,Rain,Light Rain
2018,4,15,4/15/18,nyc,6:51 PM,37.9,93%,3,East,18.4,0.02,Rain,Light Rain
2018,4,15,4/15/18,nyc,7:00 PM,37.9,89%,2.5,East,17.3,0.01,Rain,Rain
2018,4,15,4/15/18,nyc,7:06 PM,37.9,93%,3,East,12.7,0.02,Rain,Light Rain
2018,4,15,4/15/18,nyc,7:22 PM,37.9,93%,2.5,ENE,12.7,0.05,Rain,Heavy Rain
2018,4,15,4/15/18,nyc,7:43 PM,37.9,93%,4,East,15,0.13,Rain,Rain
2018,4,15,4/15/18,nyc,7:51 PM,37.9,93%,5,ENE,9.2,0.14,Rain,Light Rain
2018,4,15,4/15/18,nyc,8:08 PM,37.9,93%,2,ENE,13.8,0.04,Rain,Heavy Rain
2018,4,15,4/15/18,nyc,8:11 PM,37.9,93%,1.8,ENE,12.7,0.05,Rain,Heavy Rain
2018,4,15,4/15/18,nyc,8:15 PM,37.9,93%,2,East,12.7,0.07,Rain,Rain
2018,4,15,4/15/18,nyc,8:27 PM,37.9,93%,3,East,10.4,0.1,Rain,Rain
2018,4,15,4/15/18,nyc,8:42 PM,37.9,93%,2.5,ENE,13.8,0.12,Rain,Light Rain
2018,4,15,4/15/18,nyc,8:51 PM,37.9,93%,4,East,9.2,0.13,Rain,Light Rain
2018,4,15,4/15/18,nyc,9:17 PM,37.9,93%,5,ENE,15,0.02,Rain,Light Rain
2018,4,15,4/15/18,nyc,9:42 PM,37.9,93%,3,ENE,12.7,0.05,Rain,Rain
2018,4,15,4/15/18,nyc,9:51 PM,37.9,93%,2.5,ENE,13.8,0.07,Rain,Rain
2018,4,15,4/15/18,nyc,10:08 PM,37.9,93%,4,ENE,11.5,0.02,Rain,Light Rain
2018,4,15,4/15/18,nyc,10:36 PM,37.9,93%,2.5,ENE,10.4,0.06,Rain,Light Rain
2018,4,15,4/15/18,nyc,10:43 PM,37.9,93%,5,East,9.2,0.06,Rain,Light Rain
2018,4,15,4/15/18,nyc,10:51 PM,37.9,93%,4,ENE,9.2,0.06,Rain,Light Rain
2018,4,15,4/15/18,nyc,11:51 PM,37.9,93%,6,East,12.7,0.03,Rain,Light Rain
2018,4,16,4/16/18,nyc,12:51 AM,39,93%,5,East,13.8,0.02,Rain,Light Rain
2018,4,16,4/16/18,nyc,1:51 AM,39.9,93%,4,East,12.7,0.05,Rain,Rain
2018,4,16,4/16/18,nyc,2:40 AM,39.9,93%,2,East,16.1,0.09,Rain,Rain
2018,4,16,4/16/18,nyc,2:51 AM,39.9,93%,2.5,East,15,0.12,Rain,Heavy Rain
2018,4,16,4/16/18,nyc,3:02 AM,39.9,93%,1.2,ENE,17.3,0.05,Rain,Heavy Rain
2018,4,16,4/16/18,nyc,3:30 AM,39.9,93%,3,ENE,9.2,0.29,Rain,Rain
2018,4,16,4/16/18,nyc,3:40 AM,39.9,93%,2.5,ENE,13.8,0.32,Rain,Rain
2018,4,16,4/16/18,nyc,3:48 AM,39.2,93%,3,ENE,13.8,0.34,Rain,Rain
2018,4,16,4/16/18,nyc,3:51 AM,39.9,93%,3,ENE,17.3,0.34,Rain,Light Rain
2018,4,16,4/16/18,nyc,4:04 AM,39.9,93%,2,ENE,18.4,0.04,Rain,Rain
2018,4,16,4/16/18,nyc,4:11 AM,39.9,93%,1.8,ENE,17.3,0.09,Rain,Rain
2018,4,16,4/16/18,nyc,4:17 AM,39.9,93%,3,ENE,16.1,0.1,Rain,Rain
2018,4,16,4/16/18,nyc,4:30 AM,39.9,93%,2.5,ENE,19.6,0.13,Rain,Light Rain
2018,4,16,4/16/18,nyc,4:38 AM,39.9,93%,3,ENE,18.4,0.14,Rain,Rain
2018,4,16,4/16/18,nyc,4:48 AM,39.2,100%,1.8,ENE,19.6,0.16,Rain,Heavy Rain
2018,4,16,4/16/18,nyc,4:51 AM,39.9,93%,1.5,ENE,15,0.19,Rain,Heavy Rain
2018,4,16,4/16/18,nyc,5:02 AM,39.9,93%,3,East,11.5,0.04,Rain,Rain
2018,4,16,4/16/18,nyc,5:15 AM,39.9,93%,2.5,East,16.1,0.08,Rain,Rain
2018,4,16,4/16/18,nyc,5:51 AM,41,93%,2.5,East,16.1,0.2,Rain,Rain
2018,4,16,4/16/18,nyc,5:58 AM,41,93%,5,East,17.3,0.01,Rain,Light Rain
2018,4,16,4/16/18,nyc,6:28 AM,41,93%,2,Variable,5.8,0.07,Rain,Rain
2018,4,16,4/16/18,nyc,6:44 AM,41,93%,5,ENE,20.7,0.12,Rain,Rain
2018,4,16,4/16/18,nyc,6:51 AM,41,96%,2.5,ENE,19.6,0.16,Rain,Rain
2018,4,16,4/16/18,nyc,7:00 AM,42.1,92%,6,ENE,13.8,0.01,Rain,Light Rain
2018,4,16,4/16/18,nyc,7:37 AM,42.1,92%,2.5,ENE,12.7,0.08,Rain,Light Rain
2018,4,16,4/16/18,nyc,7:51 AM,42.1,92%,1.5,ENE,10.4,0.15,Rain,Heavy Rain
2018,4,16,4/16/18,nyc,8:06 AM,43,93%,3,ENE,18.4,0.1,Rain,Rain
2018,4,16,4/16/18,nyc,8:12 AM,43,93%,1.8,ENE,13.8,0.13,Rain,Heavy Rain
2018,4,16,4/16/18,nyc,8:27 AM,43,97%,3,ENE,17.3,0.28,Rain,Light Rain
2018,4,16,4/16/18,nyc,8:41 AM,42.1,96%,1.8,ENE,16.1,0.33,Rain,Heavy Rain
2018,4,16,4/16/18,nyc,8:51 AM,43,93%,1.8,Variable,4.6,0.4,Rain,Heavy Rain
2018,4,16,4/16/18,nyc,9:33 AM,44.1,96%,0.5,ENE,13.8,0.44,"Fog , Rain",Heavy Rain
2018,4,16,4/16/18,nyc,9:51 AM,44.1,96%,0.5,ENE,9.2,0.71,"Fog , Rain",Heavy Rain
2018,4,16,4/16/18,nyc,10:18 AM,45,97%,1,Variable,6.9,0.26,Rain,Heavy Rain
2018,4,16,4/16/18,nyc,10:25 AM,45,97%,0.8,Variable,3.5,0.34,Rain,Rain
2018,4,16,4/16/18,nyc,10:32 AM,45,97%,1.2,N,,0.37,Rain,Heavy Rain
2018,4,16,4/16/18,nyc,10:51 AM,46,96%,2.5,Variable,5.8,0.43,Rain,Rain
2018,4,16,4/16/18,nyc,11:00 AM,46,96%,4,NE,6.9,0.02,Rain,Light Rain
2018,4,16,4/16/18,nyc,11:15 AM,48,96%,2.5,Variable,5.8,0.03,Rain,Rain
2018,4,16,4/16/18,nyc,11:33 AM,55,93%,4,N,,0.05,Rain,Light Rain
2018,4,16,4/16/18,nyc,11:51 AM,59,93%,7,SE,9.2,0.06,Rain,Light Rain
2018,4,16,4/16/18,nyc,12:12 PM,57,93%,7,SSE,11.5,0.01,Rain,Light Rain
2018,4,16,4/16/18,nyc,12:51 PM,59,83%,10,S,10.4,0.01,,Mostly Cloudy
2018,4,16,4/16/18,nyc,1:25 PM,55.9,87%,8,SSE,16.1,,,Overcast
2018,4,16,4/16/18,nyc,1:51 PM,55,83%,8,S,12.7,,,Overcast
2018,4,16,4/16/18,nyc,2:51 PM,57,77%,8,S,10.4,,,Mostly Cloudy
2018,4,16,4/16/18,nyc,3:09 PM,57,72%,8,S,9.2,,,Scattered Clouds
2018,4,16,4/16/18,nyc,3:51 PM,57,69%,8,S,9.2,,,Partly Cloudy
2018,4,16,4/16/18,nyc,4:51 PM,55,72%,9,SSE,12.7,,,Clear
2018,4,16,4/16/18,nyc,5:51 PM,55,74%,9,S,6.9,,,Mostly Cloudy
2018,4,16,4/16/18,nyc,6:12 PM,57,69%,10,WSW,9.2,,,Mostly Cloudy
2018,4,16,4/16/18,nyc,6:51 PM,55,74%,10,N,,,,Overcast
2018,4,16,4/16/18,nyc,7:51 PM,52,69%,10,WSW,15,,,Overcast
2018,4,16,4/16/18,nyc,8:51 PM,50,68%,10,W,13.8,,,Overcast
2018,4,16,4/16/18,nyc,9:51 PM,48.9,69%,10,W,9.2,,,Overcast
2018,4,16,4/16/18,nyc,10:51 PM,46.9,68%,10,W,9.2,,,Overcast
2018,4,16,4/16/18,nyc,11:16 PM,46.9,68%,10,W,6.9,,,Overcast
2018,4,16,4/16/18,nyc,11:51 PM,46.9,66%,10,W,10.4,,,Overcast
2018,4,17,4/17/18,nyc,12:17 AM,46,66%,10,W,9.2,,,Mostly Cloudy
2018,4,17,4/17/18,nyc,12:51 AM,46,66%,10,WNW,5.8,,,Scattered Clouds
2018,4,17,4/17/18,nyc,1:51 AM,46,63%,10,Variable,6.9,,,Overcast
2018,4,17,4/17/18,nyc,2:39 AM,45,65%,10,W,8.1,,,Mostly Cloudy
2018,4,17,4/17/18,nyc,2:47 AM,44.6,66%,10,W,6.9,,,Overcast
2018,4,17,4/17/18,nyc,2:51 AM,45,65%,10,W,8.1,,,Overcast
2018,4,17,4/17/18,nyc,3:17 AM,44.1,71%,10,WNW,8.1,0,,Overcast
2018,4,17,4/17/18,nyc,3:51 AM,43,71%,10,Variable,4.6,0,,Overcast
2018,4,17,4/17/18,nyc,4:51 AM,43,65%,10,WNW,6.9,,,Overcast
2018,4,17,4/17/18,nyc,5:51 AM,41,70%,10,Variable,6.9,,,Overcast
2018,4,17,4/17/18,nyc,6:28 AM,41,67%,10,W,8.1,,,Overcast
2018,4,17,4/17/18,nyc,6:35 AM,41,67%,10,WNW,8.1,,,Overcast
2018,4,17,4/17/18,nyc,6:51 AM,41,67%,10,W,8.1,,,Overcast
2018,4,17,4/17/18,nyc,7:51 AM,42.1,62%,10,Variable,6.9,,,Overcast
2018,4,17,4/17/18,nyc,8:51 AM,42.1,62%,10,Variable,5.8,,,Overcast
2018,4,17,4/17/18,nyc,9:51 AM,44.1,55%,10,WNW,9.2,,,Overcast
2018,4,17,4/17/18,nyc,10:51 AM,45,49%,10,WNW,10.4,,,Overcast
2018,4,17,4/17/18,nyc,11:51 AM,46,47%,10,N,,,,Overcast
2018,4,17,4/17/18,nyc,12:51 PM,46,50%,10,N,,,,Overcast
2018,4,17,4/17/18,nyc,1:51 PM,45,49%,10,Variable,6.9,,,Overcast
2018,4,17,4/17/18,nyc,2:51 PM,45,44%,10,W,13.8,,,Overcast
2018,4,17,4/17/18,nyc,3:51 PM,45,46%,10,WNW,9.2,,,Overcast
2018,4,17,4/17/18,nyc,4:51 PM,45,46%,10,W,11.5,,,Overcast
2018,4,17,4/17/18,nyc,5:51 PM,44.1,49%,10,W,8.1,,,Overcast
2018,4,17,4/17/18,nyc,6:51 PM,43,51%,10,W,15,0,,Overcast
2018,4,10,4/10/18,dc,12:45 AM,41,86%,6,NNW,5.8,0,Rain,Light Rain
2018,4,10,4/10/18,dc,12:52 AM,41,86%,6,NNW,6.9,0,Rain,Light Rain
2018,4,10,4/10/18,dc,1:47 AM,41,87%,9,NNW,6.9,0,Rain,Light Rain
2018,4,10,4/10/18,dc,1:52 AM,41,86%,9,NNW,6.9,0,Rain,Light Rain
2018,4,10,4/10/18,dc,2:15 AM,41,86%,8,N,4.6,0,Rain,Light Rain
2018,4,10,4/10/18,dc,2:52 AM,39.9,86%,8,NNW,5.8,0,Rain,Light Rain
2018,4,10,4/10/18,dc,3:52 AM,41,82%,10,NNW,5.8,0,,Overcast
2018,4,10,4/10/18,dc,4:52 AM,37.9,86%,9,N,5.8,,,Scattered Clouds
2018,4,10,4/10/18,dc,5:52 AM,37.9,83%,9,NW,6.9,,,Partly Cloudy
2018,4,10,4/10/18,dc,6:52 AM,39,79%,7,NNW,12.7,,,Mostly Cloudy
2018,4,10,4/10/18,dc,7:52 AM,42.1,76%,9,NNW,6.9,,,Scattered Clouds
2018,4,10,4/10/18,dc,8:52 AM,44.1,68%,10,NW,10.4,,,Scattered Clouds
2018,4,10,4/10/18,dc,9:52 AM,46,58%,10,NW,13.8,,,Scattered Clouds
2018,4,10,4/10/18,dc,10:52 AM,48,50%,10,NW,12.7,,,Scattered Clouds
2018,4,10,4/10/18,dc,11:52 AM,50,44%,10,NW,16.1,,,Scattered Clouds
2018,4,10,4/10/18,dc,12:52 PM,52,37%,10,N,15,,,Partly Cloudy
2018,4,10,4/10/18,dc,1:52 PM,53.1,32%,10,NW,12.7,,,Partly Cloudy
2018,4,10,4/10/18,dc,2:52 PM,54,30%,10,NNW,12.7,,,Partly Cloudy
2018,4,10,4/10/18,dc,3:52 PM,55,28%,10,NNW,11.5,,,Partly Cloudy
2018,4,10,4/10/18,dc,4:52 PM,54,28%,10,N,11.5,,,Partly Cloudy
2018,4,10,4/10/18,dc,5:52 PM,53.1,30%,10,N,10.4,,,Partly Cloudy
2018,4,10,4/10/18,dc,6:52 PM,52,30%,10,NNW,8.1,,,Partly Cloudy
2018,4,10,4/10/18,dc,7:52 PM,48.9,32%,10,NNW,11.5,,,Partly Cloudy
2018,4,10,4/10/18,dc,8:52 PM,48.9,33%,10,NNE,13.8,,,Clear
2018,4,10,4/10/18,dc,9:52 PM,48,36%,10,NNE,9.2,,,Clear
2018,4,10,4/10/18,dc,10:52 PM,46,37%,10,NNE,12.7,,,Scattered Clouds
2018,4,11,4/11/18,dc,1:52 AM,44.1,45%,10,Calm,Calm,,,Mostly Cloudy
2018,4,11,4/11/18,dc,2:52 AM,44.1,45%,10,Calm,Calm,,,Overcast
2018,4,11,4/11/18,dc,3:52 AM,43,49%,10,East,3.5,,,Overcast
2018,4,11,4/11/18,dc,4:52 AM,43,47%,10,ENE,5.8,,,Overcast
2018,4,11,4/11/18,dc,5:52 AM,43,49%,10,ENE,4.6,,,Overcast
2018,4,11,4/11/18,dc,6:52 AM,43,51%,10,ENE,3.5,,,Overcast
2018,4,11,4/11/18,dc,7:52 AM,44.1,51%,10,ENE,3.5,,,Overcast
2018,4,11,4/11/18,dc,8:52 AM,46,50%,10,Calm,Calm,,,Overcast
2018,4,11,4/11/18,dc,9:52 AM,46.9,50%,10,S,5.8,,,Overcast
2018,4,11,4/11/18,dc,10:52 AM,50,48%,10,S,10.4,,,Overcast
2018,4,11,4/11/18,dc,11:52 AM,50,41%,10,S,10.4,,,Overcast
2018,4,11,4/11/18,dc,12:52 PM,51.1,38%,10,SW,8.1,,,Mostly Cloudy
2018,4,11,4/11/18,dc,1:52 PM,53.1,35%,10,WSW,5.8,,,Mostly Cloudy
2018,4,11,4/11/18,dc,2:52 PM,55.9,36%,10,S,10.4,,,Scattered Clouds
2018,4,11,4/11/18,dc,3:52 PM,55.9,37%,10,S,11.5,,,Mostly Cloudy
2018,4,11,4/11/18,dc,4:52 PM,57,39%,10,S,10.4,,,Scattered Clouds
2018,4,11,4/11/18,dc,5:52 PM,57,37%,10,SSE,11.5,,,Scattered Clouds
2018,4,11,4/11/18,dc,6:52 PM,55.9,44%,10,S,9.2,,,Mostly Cloudy
2018,4,11,4/11/18,dc,7:52 PM,53.1,48%,10,S,8.1,,,Mostly Cloudy
2018,4,11,4/11/18,dc,8:52 PM,52,49%,10,S,9.2,,,Scattered Clouds
2018,4,11,4/11/18,dc,9:52 PM,50,57%,10,S,9.2,,,Partly Cloudy
2018,4,11,4/11/18,dc,10:52 PM,48.9,54%,10,S,5.8,,,Partly Cloudy
2018,4,11,4/11/18,dc,11:52 PM,48.9,54%,10,SE,4.6,,,Partly Cloudy
2018,4,12,4/12/18,dc,12:52 AM,46,66%,10,SSW,5.8,,,Scattered Clouds
2018,4,12,4/12/18,dc,1:52 AM,46,66%,10,SSW,6.9,,,Scattered Clouds
2018,4,12,4/12/18,dc,2:52 AM,46,66%,10,SSW,8.1,,,Mostly Cloudy
2018,4,12,4/12/18,dc,3:52 AM,46,63%,10,SW,5.8,,,Mostly Cloudy
2018,4,12,4/12/18,dc,4:52 AM,46.9,63%,10,S,6.9,,,Mostly Cloudy
2018,4,12,4/12/18,dc,5:52 AM,46.9,63%,10,S,6.9,,,Overcast
2018,4,12,4/12/18,dc,6:52 AM,48,63%,10,SSW,5.8,,,Overcast
2018,4,12,4/12/18,dc,7:52 AM,50,63%,10,S,6.9,,,Overcast
2018,4,12,4/12/18,dc,8:52 AM,53.1,59%,10,S,11.5,,,Mostly Cloudy
2018,4,12,4/12/18,dc,9:52 AM,55.9,49%,10,S,10.4,,,Mostly Cloudy
2018,4,12,4/12/18,dc,10:52 AM,55.9,55%,10,S,6.9,,,Overcast
2018,4,12,4/12/18,dc,11:52 AM,57,53%,10,SSE,9.2,,,Overcast
2018,4,12,4/12/18,dc,12:52 PM,64.9,40%,10,S,15,,,Partly Cloudy
2018,4,12,4/12/18,dc,1:52 PM,70,33%,10,S,17.3,,,Mostly Cloudy
2018,4,12,4/12/18,dc,2:52 PM,72,31%,10,S,16.1,,,Mostly Cloudy
2018,4,12,4/12/18,dc,3:52 PM,77,24%,10,SSW,23,,,Mostly Cloudy
2018,4,12,4/12/18,dc,4:52 PM,78.1,25%,10,SSW,17.3,,,Mostly Cloudy
2018,4,12,4/12/18,dc,5:52 PM,77,25%,10,SSW,19.6,,,Mostly Cloudy
2018,4,12,4/12/18,dc,6:52 PM,75,28%,10,SSW,26.5,,,Scattered Clouds
2018,4,12,4/12/18,dc,7:52 PM,73.9,29%,10,SSW,17.3,,,Overcast
2018,4,12,4/12/18,dc,8:52 PM,71.1,32%,10,SSW,16.1,,,Mostly Cloudy
2018,4,12,4/12/18,dc,9:52 PM,70,35%,10,SSW,16.1,,,Scattered Clouds
2018,4,12,4/12/18,dc,10:52 PM,69.1,36%,10,SSW,16.1,,,Scattered Clouds
2018,4,12,4/12/18,dc,11:52 PM,68,37%,10,SSW,13.8,,,Mostly Cloudy
2018,4,13,4/13/18,dc,12:52 AM,68,37%,10,SSW,17.3,,,Scattered Clouds
2018,4,13,4/13/18,dc,1:52 AM,66.9,39%,10,SSW,15,,,Partly Cloudy
2018,4,13,4/13/18,dc,2:52 AM,64.9,42%,10,SSW,11.5,,,Clear
2018,4,13,4/13/18,dc,3:52 AM,64.9,42%,10,SSW,10.4,,,Mostly Cloudy
2018,4,13,4/13/18,dc,4:52 AM,61,56%,10,S,11.5,,,Mostly Cloudy
2018,4,13,4/13/18,dc,5:52 AM,61,54%,10,S,11.5,,,Overcast
2018,4,13,4/13/18,dc,6:52 AM,62.1,48%,10,SSW,11.5,,,Overcast
2018,4,13,4/13/18,dc,7:52 AM,62.1,48%,10,SSW,11.5,,,Overcast
2018,4,13,4/13/18,dc,8:52 AM,64.9,45%,10,SSW,12.7,,,Mostly Cloudy
2018,4,13,4/13/18,dc,9:52 AM,64.9,48%,10,S,12.7,,,Overcast
2018,4,13,4/13/18,dc,10:52 AM,68,47%,10,S,15,,,Mostly Cloudy
2018,4,13,4/13/18,dc,11:52 AM,73,41%,10,S,12.7,,,Mostly Cloudy
2018,4,13,4/13/18,dc,12:52 PM,77,36%,10,S,12.7,,,Scattered Clouds
2018,4,13,4/13/18,dc,1:52 PM,82.9,27%,10,S,11.5,,,Partly Cloudy
2018,4,13,4/13/18,dc,2:52 PM,84.9,25%,10,SSW,19.6,,,Partly Cloudy
2018,4,13,4/13/18,dc,3:52 PM,84.9,25%,10,S,15,,,Partly Cloudy
2018,4,13,4/13/18,dc,4:52 PM,84.9,25%,10,S,17.3,,,Mostly Cloudy
2018,4,13,4/13/18,dc,5:52 PM,84,25%,10,SSW,17.3,,,Scattered Clouds
2018,4,13,4/13/18,dc,6:52 PM,81,28%,10,S,15,,,Overcast
2018,4,13,4/13/18,dc,7:52 PM,80.1,28%,10,SSW,17.3,,,Mostly Cloudy
2018,4,13,4/13/18,dc,8:52 PM,77,32%,10,SSW,13.8,,,Scattered Clouds
2018,4,13,4/13/18,dc,9:52 PM,75.9,35%,10,SSW,13.8,,,Partly Cloudy
2018,4,13,4/13/18,dc,10:52 PM,75.9,36%,10,SSW,17.3,,,Partly Cloudy
2018,4,13,4/13/18,dc,11:52 PM,73.9,40%,10,SSW,12.7,,,Clear
2018,4,14,4/14/18,dc,12:52 AM,72,44%,10,SSW,11.5,,,Scattered Clouds
2018,4,14,4/14/18,dc,1:52 AM,66.9,57%,10,S,11.5,,,Mostly Cloudy
2018,4,14,4/14/18,dc,2:52 AM,70,49%,10,SSW,12.7,,,Clear
2018,4,14,4/14/18,dc,3:52 AM,66,59%,10,S,8.1,,,Clear
2018,4,14,4/14/18,dc,4:52 AM,66,59%,10,S,6.9,,,Clear
2018,4,14,4/14/18,dc,5:52 AM,63,67%,10,S,9.2,,,Clear
2018,4,14,4/14/18,dc,6:52 AM,64,65%,10,S,11.5,,,Scattered Clouds
2018,4,14,4/14/18,dc,7:52 AM,66.9,63%,10,SSW,12.7,,,Scattered Clouds
2018,4,14,4/14/18,dc,8:52 AM,69.1,63%,10,SSW,12.7,,,Scattered Clouds
2018,4,14,4/14/18,dc,9:52 AM,72,59%,10,S,16.1,,,Scattered Clouds
2018,4,14,4/14/18,dc,10:52 AM,75,53%,10,SSW,15,,,Partly Cloudy
2018,4,14,4/14/18,dc,11:52 AM,77,50%,10,S,15,,,Partly Cloudy
2018,4,14,4/14/18,dc,12:52 PM,79,47%,10,S,15,,,Scattered Clouds
2018,4,14,4/14/18,dc,1:52 PM,82.9,39%,10,S,13.8,,,Scattered Clouds
2018,4,14,4/14/18,dc,3:52 PM,84,35%,10,SSW,18.4,,,Mostly Cloudy
2018,4,14,4/14/18,dc,4:52 PM,82.9,37%,10,S,17.3,,,Mostly Cloudy
2018,4,14,4/14/18,dc,5:52 PM,82.9,37%,10,S,17.3,,,Mostly Cloudy
2018,4,14,4/14/18,dc,6:52 PM,81,39%,10,S,11.5,,,Mostly Cloudy
2018,4,14,4/14/18,dc,7:52 PM,79,40%,10,S,13.8,,,Overcast
2018,4,14,4/14/18,dc,8:52 PM,73.9,50%,10,S,10.4,,,Mostly Cloudy
2018,4,14,4/14/18,dc,9:52 PM,71.1,57%,10,S,11.5,,,Scattered Clouds
2018,4,14,4/14/18,dc,10:52 PM,70,59%,10,S,11.5,,,Partly Cloudy
2018,4,14,4/14/18,dc,11:52 PM,69.1,61%,10,S,10.4,,,Scattered Clouds
2018,4,15,4/15/18,dc,12:52 AM,68,63%,10,S,11.5,,,Scattered Clouds
2018,4,15,4/15/18,dc,1:52 AM,66.9,66%,10,S,9.2,,,Scattered Clouds
2018,4,15,4/15/18,dc,2:52 AM,66,68%,10,S,11.5,,,Partly Cloudy
2018,4,15,4/15/18,dc,3:52 AM,64.9,73%,10,S,10.4,,,Partly Cloudy
2018,4,15,4/15/18,dc,4:52 AM,64.9,78%,10,S,10.4,,,Partly Cloudy
2018,4,15,4/15/18,dc,5:52 AM,66,78%,10,SE,6.9,,,Scattered Clouds
2018,4,15,4/15/18,dc,6:52 AM,59,78%,10,NE,15,,,Overcast
2018,4,15,4/15/18,dc,7:52 AM,59,78%,10,NNE,9.2,,,Overcast
2018,4,15,4/15/18,dc,8:52 AM,60.1,78%,10,NE,13.8,,,Overcast
2018,4,15,4/15/18,dc,9:09 AM,60.1,78%,10,NE,13.8,,,Overcast
2018,4,15,4/15/18,dc,9:52 AM,59,78%,9,NE,16.1,,,Overcast
2018,4,15,4/15/18,dc,10:18 AM,57,77%,7,ENE,19.6,,,Overcast
2018,4,15,4/15/18,dc,10:52 AM,54,83%,7,ENE,20.7,,,Overcast
2018,4,15,4/15/18,dc,11:16 AM,53.1,86%,2.5,ENE,17.3,0.02,Rain,Light Rain
2018,4,15,4/15/18,dc,11:35 AM,53.1,86%,6,ENE,16.1,0.02,Rain,Light Rain
2018,4,15,4/15/18,dc,11:42 AM,53.1,86%,4,ENE,19.6,0.02,Rain,Light Rain
2018,4,15,4/15/18,dc,11:52 AM,53.1,86%,10,ENE,18.4,0.02,,Overcast
2018,4,15,4/15/18,dc,12:31 PM,53.1,83%,10,ENE,18.4,,,Overcast
2018,4,15,4/15/18,dc,12:52 PM,52,86%,10,ENE,18.4,,,Overcast
2018,4,15,4/15/18,dc,1:52 PM,51.1,89%,7,ENE,13.8,0.01,Rain,Light Rain
2018,4,15,4/15/18,dc,2:21 PM,51.1,89%,9,ENE,17.3,0,Rain,Light Rain
2018,4,15,4/15/18,dc,2:45 PM,52,86%,10,ENE,15,0,Rain,Light Rain
2018,4,15,4/15/18,dc,2:52 PM,52,86%,10,ENE,17.3,0,Rain,Light Rain
2018,4,15,4/15/18,dc,3:52 PM,52,83%,9,ENE,20.7,0,,Overcast
2018,4,15,4/15/18,dc,4:52 PM,51.1,83%,10,ENE,21.9,0,Rain,Light Rain
2018,4,15,4/15/18,dc,5:22 PM,51.1,83%,4,ENE,18.4,0.02,Rain,Light Rain
2018,4,15,4/15/18,dc,5:45 PM,50,86%,2,ENE,15,0.03,Rain,Light Rain
2018,4,15,4/15/18,dc,5:50 PM,50,87%,2,ENE,15,0.03,Rain,Light Rain
2018,4,15,4/15/18,dc,5:52 PM,50,86%,2,ENE,15,0.04,Rain,Light Rain
2018,4,15,4/15/18,dc,5:58 PM,50,86%,4,ENE,16.1,0,Rain,Light Rain
2018,4,15,4/15/18,dc,6:02 PM,50,86%,8,ENE,18.4,0,Rain,Light Rain
2018,4,15,4/15/18,dc,6:52 PM,48.9,86%,10,ENE,21.9,0,Rain,Light Rain
2018,4,15,4/15/18,dc,7:01 PM,48.9,83%,6,ENE,13.8,0,Rain,Light Rain
2018,4,15,4/15/18,dc,7:10 PM,48,86%,2.5,ENE,21.9,0.01,Rain,Rain
2018,4,15,4/15/18,dc,7:24 PM,48,89%,2,NE,17.3,0.03,Rain,Light Rain
2018,4,15,4/15/18,dc,7:27 PM,48,89%,3,ENE,17.3,0.03,Rain,Light Rain
2018,4,15,4/15/18,dc,7:52 PM,48,86%,5,ENE,15,0.04,,Overcast
2018,4,15,4/15/18,dc,7:56 PM,48,89%,5,ENE,19.6,0,,Light Drizzle
2018,4,15,4/15/18,dc,8:52 PM,48,86%,7,ENE,17.3,0,,Overcast
2018,4,15,4/15/18,dc,9:16 PM,48,86%,5,ENE,18.4,0,,Light Drizzle
2018,4,15,4/15/18,dc,9:52 PM,48,86%,5,ENE,21.9,0,,Light Drizzle
2018,4,15,4/15/18,dc,10:52 PM,48.9,90%,6,ENE,17.3,0,,Light Drizzle
2018,4,15,4/15/18,dc,11:52 PM,50,89%,4,NE,20.7,0,Rain,Light Rain
2018,4,16,4/16/18,dc,12:18 AM,50,89%,2.5,ENE,23,0.01,Rain,Light Rain
2018,4,16,4/16/18,dc,12:29 AM,50,93%,2.5,NE,20.7,0.01,Rain,Light Rain
2018,4,16,4/16/18,dc,12:52 AM,51.1,92%,2.5,ENE,20.7,0.01,Rain,Light Rain
2018,4,16,4/16/18,dc,1:19 AM,54,90%,2.5,WNW,13.8,0.01,Rain,Light Rain
2018,4,16,4/16/18,dc,1:27 AM,57,89%,5,East,21.9,0.01,,Light Drizzle
2018,4,16,4/16/18,dc,1:44 AM,57,93%,8,ENE,13.8,0.03,"Rain , Thunderstorm",Light Thunderstorms and Rain
2018,4,16,4/16/18,dc,1:52 AM,57,93%,7,SW,16.1,0.04,"Rain , Thunderstorm",Thunderstorms and Rain
2018,4,16,4/16/18,dc,1:57 AM,57,93%,2.5,Calm,Calm,0.02,"Rain , Thunderstorm",Heavy Thunderstorms and Rain
2018,4,16,4/16/18,dc,2:09 AM,57,89%,3,NNE,9.2,0.17,"Rain , Thunderstorm",Heavy Thunderstorms and Rain
2018,4,16,4/16/18,dc,2:36 AM,57,93%,2.5,N,11.5,0.35,Rain,Heavy Rain
2018,4,16,4/16/18,dc,2:39 AM,57,93%,1.8,N,13.8,0.38,Rain,Heavy Rain
2018,4,16,4/16/18,dc,2:43 AM,57,93%,2.5,WNW,13.8,0.44,Rain,Heavy Rain
2018,4,16,4/16/18,dc,2:45 AM,57,89%,0.5,W,20.7,0.46,Rain,Heavy Rain
2018,4,16,4/16/18,dc,2:48 AM,57.2,94%,0.2,NW,9.2,0.49,Rain,Heavy Rain
2018,4,16,4/16/18,dc,2:52 AM,57.9,90%,1.5,N,12.7,0.84,"Rain , Thunderstorm",Heavy Thunderstorms and Rain
2018,4,16,4/16/18,dc,2:57 AM,57.9,93%,1.5,N,10.4,0.1,"Rain , Thunderstorm",Heavy Thunderstorms and Rain
2018,4,16,4/16/18,dc,3:01 AM,57.9,93%,1.2,N,10.4,0.19,"Rain , Thunderstorm",Heavy Thunderstorms and Rain
2018,4,16,4/16/18,dc,3:10 AM,57,89%,4,N,12.7,0.41,Rain,Light Rain
2018,4,16,4/16/18,dc,3:37 AM,57,93%,5,ENE,5.8,0.53,Rain,Rain
2018,4,16,4/16/18,dc,3:52 AM,57,93%,5,ENE,8.1,0.61,Rain,Rain
2018,4,16,4/16/18,dc,4:52 AM,62.1,90%,10,SE,13.8,0.15,Rain,Light Rain
2018,4,16,4/16/18,dc,5:52 AM,61,87%,10,Variable,3.5,0.05,,Overcast
2018,4,16,4/16/18,dc,6:24 AM,61,90%,10,SSE,6.9,0,,Overcast
2018,4,16,4/16/18,dc,6:52 AM,62.1,84%,10,SSE,10.4,0,Rain,Light Rain
2018,4,16,4/16/18,dc,6:59 AM,62.1,84%,10,SSE,10.4,0,,Overcast
2018,4,16,4/16/18,dc,7:52 AM,57.9,87%,10,W,8.1,0,,Overcast
2018,4,16,4/16/18,dc,7:55 AM,59,87%,10,W,8.1,,,Overcast
2018,4,16,4/16/18,dc,8:38 AM,53.1,86%,10,NW,13.8,,,Overcast
2018,4,16,4/16/18,dc,8:45 AM,52,86%,2,NNW,11.5,0,Rain,Rain
2018,4,16,4/16/18,dc,8:52 AM,51.1,89%,2,NNW,12.7,0.07,Rain,Heavy Rain
2018,4,16,4/16/18,dc,9:03 AM,51.1,86%,4,NW,12.7,0.08,Rain,Rain
2018,4,16,4/16/18,dc,9:17 AM,50,83%,10,NW,17.3,0.09,Rain,Light Rain
2018,4,16,4/16/18,dc,9:35 AM,48.9,83%,7,NW,6.9,0.1,Rain,Rain
2018,4,16,4/16/18,dc,9:52 AM,50,83%,10,W,9.2,0.12,Rain,Light Rain
2018,4,16,4/16/18,dc,10:40 AM,51.1,80%,10,NW,11.5,0,,Overcast
2018,4,16,4/16/18,dc,10:52 AM,51.1,80%,10,NW,9.2,0,,Overcast
2018,4,16,4/16/18,dc,11:39 AM,53.1,71%,10,WNW,12.7,,,Overcast
2018,4,16,4/16/18,dc,11:52 AM,53.1,71%,10,W,17.3,,,Overcast
2018,4,16,4/16/18,dc,12:33 PM,54,64%,10,W,16.1,,,Overcast
2018,4,16,4/16/18,dc,12:52 PM,53.1,66%,10,W,9.2,0,Rain,Light Rain
2018,4,16,4/16/18,dc,1:52 PM,52,69%,9,W,19.6,0.01,Rain,Light Rain
2018,4,16,4/16/18,dc,2:52 PM,54,57%,10,W,16.1,0,,Overcast
2018,4,16,4/16/18,dc,3:52 PM,54,51%,10,NW,13.8,,,Overcast
2018,4,16,4/16/18,dc,4:52 PM,53.1,52%,10,NW,15,,,Overcast
2018,4,16,4/16/18,dc,5:52 PM,52,47%,10,NW,15,,,Overcast
2018,4,16,4/16/18,dc,6:52 PM,52,47%,10,NW,8.1,,,Overcast
2018,4,16,4/16/18,dc,7:52 PM,52,43%,10,WNW,9.2,,,Overcast
2018,4,16,4/16/18,dc,8:52 PM,50,48%,10,WNW,11.5,,,Overcast
2018,4,16,4/16/18,dc,9:52 PM,50,44%,10,WNW,12.7,,,Overcast
2018,4,16,4/16/18,dc,10:52 PM,48,48%,10,NW,13.8,,,Overcast
2018,4,16,4/16/18,dc,11:52 PM,46,50%,10,W,11.5,,,Overcast
2018,4,17,4/17/18,dc,12:52 AM,45,49%,10,NW,15,,,Overcast
2018,4,17,4/17/18,dc,1:52 AM,44.1,45%,10,NW,15,,,Overcast
2018,4,17,4/17/18,dc,2:52 AM,43,45%,10,WNW,12.7,,,Mostly Cloudy
2018,4,17,4/17/18,dc,3:52 AM,42.1,47%,10,WNW,15,,,Overcast
2018,4,17,4/17/18,dc,4:52 AM,41,47%,10,W,10.4,,,Mostly Cloudy
2018,4,17,4/17/18,dc,5:52 AM,41,49%,10,WNW,13.8,,,Mostly Cloudy
2018,4,17,4/17/18,dc,6:52 AM,41,47%,10,WNW,15,,,Mostly Cloudy
2018,4,17,4/17/18,dc,7:52 AM,42.1,47%,10,W,10.4,,,Mostly Cloudy
2018,4,17,4/17/18,dc,8:52 AM,42.1,47%,10,W,15,,,Overcast
2018,4,17,4/17/18,dc,9:52 AM,42.1,47%,10,W,16.1,,,Overcast
2018,4,17,4/17/18,dc,10:52 AM,45,46%,10,W,10.4,,,Overcast
2018,4,17,4/17/18,dc,11:52 AM,44.1,45%,10,WSW,12.7,,,Overcast
2018,4,17,4/17/18,dc,12:52 PM,45,46%,10,WSW,12.7,,,Overcast
2018,4,17,4/17/18,dc,1:52 PM,46,42%,10,WSW,15,,,Overcast
2018,4,17,4/17/18,dc,2:52 PM,46.9,39%,10,W,17.3,,,Overcast
2018,4,17,4/17/18,dc,3:52 PM,46.9,39%,10,W,13.8,,,Overcast
2018,4,17,4/17/18,dc,4:52 PM,48,37%,10,NW,13.8,,,Overcast
2018,4,17,4/17/18,dc,5:52 PM,46.9,41%,10,NW,13.8,,,Overcast
2018,4,17,4/17/18,dc,6:52 PM,46.9,41%,10,WNW,8.1,,,Overcast
2018,4,10,4/10/18,vegas,12:53 AM,63,21%,10,NNW,6.9,,,Clear
2018,4,10,4/10/18,vegas,1:53 AM,61,22%,10,NW,5.8,,,Clear
2018,4,10,4/10/18,vegas,2:53 AM,62.1,24%,10,NW,3.5,,,Clear
2018,4,10,4/10/18,vegas,3:53 AM,60.1,27%,10,W,3.5,,,Clear
2018,4,10,4/10/18,vegas,4:53 AM,57.9,30%,10,NNW,4.6,,,Clear
2018,4,10,4/10/18,vegas,5:53 AM,57,30%,10,N,5.8,,,Clear
2018,4,10,4/10/18,vegas,6:53 AM,60.1,30%,10,WNW,5.8,,,Clear
2018,4,10,4/10/18,vegas,7:53 AM,64,25%,10,WNW,4.6,,,Clear
2018,4,10,4/10/18,vegas,8:53 AM,66.9,23%,10,NNE,3.5,,,Clear
2018,4,10,4/10/18,vegas,9:53 AM,71.1,16%,10,Calm,Calm,,,Clear
2018,4,10,4/10/18,vegas,10:53 AM,75,13%,10,ENE,3.5,,,Clear
2018,4,10,4/10/18,vegas,11:53 AM,78.1,11%,10,Variable,5.8,,,Clear
2018,4,10,4/10/18,vegas,12:53 PM,80.1,9%,10,S,6.9,,,Clear
2018,4,10,4/10/18,vegas,1:53 PM,82.9,8%,10,ESE,9.2,,,Clear
2018,4,10,4/10/18,vegas,2:53 PM,84,7%,10,SSE,9.2,,,Clear
2018,4,10,4/10/18,vegas,3:53 PM,86,7%,10,N,,,,Clear
2018,4,10,4/10/18,vegas,4:53 PM,86,7%,10,East,6.9,,,Clear
2018,4,10,4/10/18,vegas,5:53 PM,87.1,7%,10,East,4.6,,,Clear
2018,4,10,4/10/18,vegas,6:53 PM,84.9,8%,10,NNE,4.6,,,Clear
2018,4,10,4/10/18,vegas,7:53 PM,82,8%,10,NW,3.5,,,Clear
2018,4,10,4/10/18,vegas,10:53 PM,80.1,8%,10,S,8.1,,,Clear
2018,4,10,4/10/18,vegas,11:53 PM,81,10%,10,WSW,12.7,,,Clear
2018,4,11,4/11/18,vegas,12:53 AM,79,12%,10,W,11.5,,,Clear
2018,4,11,4/11/18,vegas,1:53 AM,79,14%,10,S,13.8,,,Clear
2018,4,11,4/11/18,vegas,2:53 AM,75.9,15%,10,S,15,,,Clear
2018,4,11,4/11/18,vegas,3:53 AM,75.9,14%,10,S,19.6,,,Clear
2018,4,11,4/11/18,vegas,4:39 AM,75,14%,10,S,18.4,,,Clear
2018,4,11,4/11/18,vegas,4:53 AM,75,16%,10,S,21.9,,,Clear
2018,4,11,4/11/18,vegas,5:44 AM,75,16%,10,Variable,4.6,,,Clear
2018,4,11,4/11/18,vegas,5:53 AM,75,16%,10,S,11.5,,,Clear
2018,4,11,4/11/18,vegas,6:12 AM,75,16%,10,SSW,17.3,,,Clear
2018,4,11,4/11/18,vegas,6:53 AM,73,19%,10,ENE,6.9,,,Clear
2018,4,11,4/11/18,vegas,7:53 AM,75.9,16%,10,Variable,4.6,,,Clear
2018,4,11,4/11/18,vegas,8:53 AM,79,15%,10,Variable,6.9,,,Clear
2018,4,11,4/11/18,vegas,9:53 AM,82.9,12%,10,SW,17.3,,,Clear
2018,4,11,4/11/18,vegas,10:53 AM,86,10%,10,SW,18.4,,,Clear
2018,4,11,4/11/18,vegas,11:53 AM,88,9%,10,SW,10.4,,,Clear
2018,4,11,4/11/18,vegas,12:53 PM,88,9%,10,SSW,20.7,,,Clear
2018,4,11,4/11/18,vegas,1:53 PM,88,7%,10,SSW,24.2,,,Clear
2018,4,11,4/11/18,vegas,2:53 PM,90,5%,10,SSW,27.6,,,Clear
2018,4,11,4/11/18,vegas,3:53 PM,91.9,5%,10,WSW,23,,,Clear
2018,4,11,4/11/18,vegas,4:53 PM,90,8%,10,SW,24.2,,,Clear
2018,4,11,4/11/18,vegas,5:53 PM,88,9%,10,SW,15,,,Clear
2018,4,11,4/11/18,vegas,6:53 PM,84.9,9%,10,SSW,12.7,,,Clear
2018,4,11,4/11/18,vegas,7:53 PM,82.9,10%,10,SW,13.8,,,Clear
2018,4,11,4/11/18,vegas,8:53 PM,80.1,12%,10,S,12.7,,,Clear
2018,4,11,4/11/18,vegas,9:53 PM,78.1,13%,10,SSW,19.6,,,Clear
2018,4,11,4/11/18,vegas,10:53 PM,77,15%,10,SSW,25.3,,,Clear
2018,4,11,4/11/18,vegas,11:53 PM,75.9,13%,10,SSW,12.7,,,Clear
2018,4,12,4/12/18,vegas,12:53 AM,73,22%,10,WSW,23,,,Clear
2018,4,12,4/12/18,vegas,1:53 AM,71.1,24%,10,SW,36.8,,,Clear
2018,4,12,4/12/18,vegas,2:53 AM,68,23%,10,SW,29.9,,,Clear
2018,4,12,4/12/18,vegas,3:53 AM,66.9,17%,10,WSW,26.5,,,Clear
2018,4,12,4/12/18,vegas,4:53 AM,64.9,14%,10,WSW,32.2,,,Clear
2018,4,12,4/12/18,vegas,5:53 AM,63,16%,10,WSW,17.3,,,Clear
2018,4,12,4/12/18,vegas,6:53 AM,61,19%,10,W,19.6,,,Clear
2018,4,12,4/12/18,vegas,7:53 AM,61,22%,10,WSW,29.9,,,Clear
2018,4,12,4/12/18,vegas,8:53 AM,63,21%,10,WSW,15,,,Clear
2018,4,12,4/12/18,vegas,9:28 AM,66.9,15%,10,N,23,,,Clear
2018,4,12,4/12/18,vegas,9:53 AM,66.9,16%,10,N,27.6,,,Clear
2018,4,12,4/12/18,vegas,10:53 AM,66.9,15%,10,NNW,21.9,,,Clear
2018,4,12,4/12/18,vegas,11:53 AM,68,8%,10,N,28.8,,,Clear
2018,4,12,4/12/18,vegas,12:53 PM,70,6%,10,N,28.8,,,Clear
2018,4,12,4/12/18,vegas,1:53 PM,70,5%,10,N,29.9,,,Clear
2018,4,12,4/12/18,vegas,2:53 PM,70,5%,10,NNW,29.9,,,Clear
2018,4,12,4/12/18,vegas,3:53 PM,69.1,5%,10,N,33.4,,,Clear
2018,4,12,4/12/18,vegas,4:53 PM,66.9,5%,10,N,28.8,,,Clear
2018,4,12,4/12/18,vegas,5:53 PM,64.9,4%,10,NNW,25.3,,,Clear
2018,4,12,4/12/18,vegas,6:53 PM,63,5%,10,NW,27.6,,,Clear
2018,4,12,4/12/18,vegas,7:53 PM,61,6%,10,NNW,26.5,,,Clear
2018,4,12,4/12/18,vegas,8:53 PM,60.1,7%,10,NNW,20.7,,,Clear
2018,4,12,4/12/18,vegas,9:53 PM,59,8%,10,NNW,26.5,,,Clear
2018,4,12,4/12/18,vegas,10:53 PM,57.9,8%,10,NNW,18.4,,,Clear
2018,4,12,4/12/18,vegas,11:53 PM,55.9,10%,10,N,16.1,,,Clear
2018,4,13,4/13/18,vegas,12:53 AM,55,11%,10,N,17.3,,,Clear
2018,4,13,4/13/18,vegas,1:53 AM,54,12%,10,N,15,,,Clear
2018,4,13,4/13/18,vegas,2:53 AM,53.1,13%,10,N,10.4,,,Clear
2018,4,13,4/13/18,vegas,3:53 AM,51.1,15%,10,NE,8.1,,,Clear
2018,4,13,4/13/18,vegas,4:53 AM,51.1,17%,10,N,15,,,Clear
2018,4,13,4/13/18,vegas,5:53 AM,51.1,18%,10,NNW,19.6,,,Clear
2018,4,13,4/13/18,vegas,6:53 AM,52,19%,10,NNW,20.7,,,Clear
2018,4,13,4/13/18,vegas,7:53 AM,54,19%,10,N,18.4,,,Clear
2018,4,13,4/13/18,vegas,8:53 AM,55.9,18%,10,N,20.7,,,Clear
2018,4,13,4/13/18,vegas,9:53 AM,57.9,15%,10,NNW,16.1,,,Clear
2018,4,13,4/13/18,vegas,10:53 AM,60.1,13%,10,NNE,9.2,,,Clear
2018,4,13,4/13/18,vegas,11:19 AM,61,13%,10,NNW,15,,,Clear
2018,4,13,4/13/18,vegas,11:53 AM,63,12%,10,NNW,19.6,,,Clear
2018,4,13,4/13/18,vegas,12:53 PM,66,10%,10,NNW,21.9,,,Clear
2018,4,13,4/13/18,vegas,1:53 PM,68,9%,10,NNW,21.9,,,Clear
2018,4,13,4/13/18,vegas,2:53 PM,69.1,9%,10,NNW,17.3,,,Clear
2018,4,13,4/13/18,vegas,3:53 PM,71.1,8%,10,NNW,16.1,,,Clear
2018,4,13,4/13/18,vegas,4:53 PM,71.1,8%,10,NNW,20.7,,,Clear
2018,4,13,4/13/18,vegas,5:53 PM,72,7%,10,NNW,17.3,,,Clear
2018,4,13,4/13/18,vegas,6:53 PM,70,7%,10,N,11.5,,,Clear
2018,4,13,4/13/18,vegas,7:53 PM,68,8%,10,Calm,Calm,,,Clear
2018,4,13,4/13/18,vegas,8:53 PM,66.9,9%,10,Calm,Calm,,,Clear
2018,4,13,4/13/18,vegas,9:53 PM,63,11%,10,N,4.6,,,Clear
2018,4,13,4/13/18,vegas,10:53 PM,62.1,12%,10,NNW,8.1,,,Clear
2018,4,13,4/13/18,vegas,11:53 PM,61,12%,10,NNW,8.1,,,Clear
2018,4,14,4/14/18,vegas,12:53 AM,57,14%,10,East,4.6,,,Clear
2018,4,14,4/14/18,vegas,1:53 AM,57,15%,10,East,8.1,,,Clear
2018,4,14,4/14/18,vegas,2:53 AM,57,15%,10,East,3.5,,,Clear
2018,4,14,4/14/18,vegas,3:53 AM,55.9,16%,10,NW,5.8,,,Clear
2018,4,14,4/14/18,vegas,4:53 AM,53.1,20%,10,SW,3.5,,,Clear
2018,4,14,4/14/18,vegas,5:53 AM,53.1,21%,10,WSW,5.8,,,Clear
2018,4,14,4/14/18,vegas,6:53 AM,53.1,22%,10,WSW,3.5,,,Clear
2018,4,14,4/14/18,vegas,7:53 AM,57,15%,10,S,4.6,,,Clear
2018,4,14,4/14/18,vegas,8:53 AM,61,14%,10,SSW,3.5,,,Clear
2018,4,14,4/14/18,vegas,9:53 AM,63,14%,10,S,3.5,,,Clear
2018,4,14,4/14/18,vegas,10:53 AM,66,12%,10,Calm,Calm,,,Clear
2018,4,14,4/14/18,vegas,11:53 AM,68,11%,10,Variable,5.8,,,Clear
2018,4,14,4/14/18,vegas,12:53 PM,69.1,11%,10,Calm,Calm,,,Clear
2018,4,14,4/14/18,vegas,1:53 PM,70,10%,10,Calm,Calm,,,Clear
2018,4,14,4/14/18,vegas,2:53 PM,72,10%,10,Calm,Calm,,,Clear
2018,4,14,4/14/18,vegas,3:53 PM,73.9,9%,10,SSW,4.6,,,Clear
2018,4,14,4/14/18,vegas,4:53 PM,75.9,9%,10,Calm,Calm,,,Clear
2018,4,14,4/14/18,vegas,5:53 PM,75.9,9%,10,ESE,3.5,,,Clear
2018,4,14,4/14/18,vegas,6:53 PM,73.9,9%,10,SE,6.9,,,Clear
2018,4,14,4/14/18,vegas,7:53 PM,72,10%,10,ESE,3.5,,,Clear
2018,4,14,4/14/18,vegas,8:53 PM,71.1,11%,10,Calm,Calm,,,Clear
2018,4,14,4/14/18,vegas,9:53 PM,66,17%,10,NNW,5.8,,,Clear
2018,4,14,4/14/18,vegas,10:53 PM,64,19%,10,NNW,4.6,,,Clear
2018,4,14,4/14/18,vegas,11:53 PM,62.1,21%,10,WNW,5.8,,,Clear
2018,4,15,4/15/18,vegas,12:53 AM,60.1,21%,10,NNW,5.8,,,Clear
2018,4,15,4/15/18,vegas,1:53 AM,57.9,26%,10,N,3.5,,,Clear
2018,4,15,4/15/18,vegas,2:53 AM,57,25%,10,NNW,5.8,,,Clear
2018,4,15,4/15/18,vegas,3:53 AM,55.9,27%,10,NNW,3.5,,,Clear
2018,4,15,4/15/18,vegas,4:53 AM,55.9,28%,10,Calm,Calm,,,Clear
2018,4,15,4/15/18,vegas,5:53 AM,57,25%,10,Calm,Calm,,,Clear
2018,4,15,4/15/18,vegas,6:53 AM,59,20%,10,Calm,Calm,,,Clear
2018,4,15,4/15/18,vegas,7:53 AM,61,18%,10,ESE,3.5,,,Clear
2018,4,15,4/15/18,vegas,8:53 AM,63,18%,10,SE,5.8,,,Clear
2018,4,15,4/15/18,vegas,9:53 AM,66.9,14%,10,Calm,Calm,,,Clear
2018,4,15,4/15/18,vegas,10:53 AM,71.1,11%,10,SE,6.9,,,Clear
2018,4,15,4/15/18,vegas,11:53 AM,72,10%,10,SSE,4.6,,,Clear
2018,4,15,4/15/18,vegas,12:53 PM,77,9%,10,SE,9.2,,,Clear
2018,4,15,4/15/18,vegas,1:53 PM,80.1,8%,10,Variable,6.9,,,Clear
2018,4,15,4/15/18,vegas,2:53 PM,82,5%,10,SSW,12.7,,,Clear
2018,4,15,4/15/18,vegas,3:53 PM,82,5%,10,SW,13.8,,,Clear
2018,4,15,4/15/18,vegas,4:53 PM,81,5%,10,SW,17.3,,,Clear
2018,4,15,4/15/18,vegas,5:53 PM,79,6%,10,WSW,16.1,,,Clear
2018,4,15,4/15/18,vegas,6:53 PM,78.1,6%,10,SSW,12.7,,,Clear
2018,4,15,4/15/18,vegas,7:53 PM,77,7%,10,SSW,16.1,,,Clear
2018,4,15,4/15/18,vegas,8:53 PM,75,8%,10,S,10.4,,,Clear
2018,4,15,4/15/18,vegas,9:53 PM,73.9,9%,10,S,5.8,,,Clear
2018,4,15,4/15/18,vegas,10:53 PM,73.9,9%,10,SW,5.8,,,Clear
2018,4,15,4/15/18,vegas,11:53 PM,72,13%,10,SW,8.1,,,Clear
2018,4,16,4/16/18,vegas,12:53 AM,69.1,15%,10,S,8.1,,,Clear
2018,4,16,4/16/18,vegas,1:53 AM,69.1,16%,10,SSW,15,,,Clear
2018,4,16,4/16/18,vegas,2:53 AM,68,17%,10,SSW,11.5,,,Clear
2018,4,16,4/16/18,vegas,3:53 AM,66.9,17%,10,SSW,13.8,,,Clear
2018,4,16,4/16/18,vegas,4:53 AM,66,18%,10,S,17.3,,,Clear
2018,4,16,4/16/18,vegas,5:53 AM,64.9,18%,10,S,18.4,,,Clear
2018,4,16,4/16/18,vegas,6:53 AM,64.9,16%,10,SSW,16.1,,,Clear
2018,4,16,4/16/18,vegas,7:53 AM,66,15%,10,SSW,17.3,,,Clear
2018,4,16,4/16/18,vegas,8:53 AM,69.1,14%,10,SSW,17.3,,,Clear
2018,4,16,4/16/18,vegas,9:53 AM,71.1,13%,10,SSW,23,,,Clear
2018,4,16,4/16/18,vegas,10:53 AM,73.9,13%,10,SSW,19.6,,,Clear
2018,4,16,4/16/18,vegas,11:53 AM,77,11%,10,SW,27.6,,,Clear
2018,4,16,4/16/18,vegas,12:53 PM,79,9%,10,SW,35.7,,,Clear
2018,4,16,4/16/18,vegas,1:53 PM,80.1,9%,10,SW,32.2,,,Clear
2018,4,16,4/16/18,vegas,2:53 PM,79,10%,10,WSW,28.8,,,Clear
2018,4,16,4/16/18,vegas,3:53 PM,78.1,12%,10,WSW,20.7,,,Clear
2018,4,16,4/16/18,vegas,4:53 PM,75,16%,10,WSW,27.6,,,Clear
2018,4,16,4/16/18,vegas,5:53 PM,71.1,17%,10,WSW,23,,,Clear
2018,4,16,4/16/18,vegas,6:53 PM,64.9,20%,10,W,25.3,,,Clear
2018,4,16,4/16/18,vegas,7:53 PM,61,21%,10,W,28.8,,,Clear
2018,4,16,4/16/18,vegas,8:53 PM,57.9,24%,10,W,28.8,,,Clear
2018,4,16,4/16/18,vegas,9:53 PM,55.9,29%,10,WSW,21.9,,,Clear
2018,4,16,4/16/18,vegas,10:53 PM,55,28%,10,WSW,17.3,,,Clear
2018,4,16,4/16/18,vegas,11:53 PM,52,27%,10,W,20.7,,,Clear
2018,4,17,4/17/18,vegas,12:53 AM,51.1,28%,10,W,28.8,,,Clear
2018,4,17,4/17/18,vegas,1:53 AM,51.1,35%,10,Variable,5.8,,,Scattered Clouds
2018,4,17,4/17/18,vegas,2:31 AM,48,58%,10,NW,19.6,,,Overcast
2018,4,17,4/17/18,vegas,2:53 AM,48,56%,10,NW,15,,,Scattered Clouds
2018,4,17,4/17/18,vegas,3:53 AM,50,44%,10,NNW,16.1,,,Clear
2018,4,17,4/17/18,vegas,4:53 AM,50,44%,10,NNW,28.8,,,Clear
2018,4,17,4/17/18,vegas,5:53 AM,50,43%,10,NNW,18.4,,,Clear
2018,4,17,4/17/18,vegas,6:53 AM,51.1,41%,10,NNW,15,,,Clear
2018,4,17,4/17/18,vegas,7:53 AM,53.1,37%,10,NNW,15,,,Clear
2018,4,17,4/17/18,vegas,8:53 AM,55.9,30%,10,N,18.4,,,Clear
2018,4,17,4/17/18,vegas,9:53 AM,57.9,27%,10,NNW,12.7,,,Clear
2018,4,17,4/17/18,vegas,10:53 AM,59,24%,10,Variable,3.5,,,Clear
2018,4,17,4/17/18,vegas,11:53 AM,61,20%,10,Variable,4.6,,,Clear
2018,4,17,4/17/18,vegas,12:53 PM,64,16%,10,ENE,8.1,,,Clear
2018,4,17,4/17/18,vegas,1:53 PM,64.9,9%,10,Variable,4.6,,,Clear
2018,4,17,4/17/18,vegas,2:53 PM,68,9%,10,N,11.5,,,Clear
2018,4,17,4/17/18,vegas,3:53 PM,66,10%,10,Variable,5.8,,,Clear
2018,4,10,4/10/18,atl,12:53 AM,52,89%,10,East,3.5,,,Clear
2018,4,10,4/10/18,atl,1:53 AM,52,89%,10,East,4.6,,,Clear
2018,4,10,4/10/18,atl,2:53 AM,51.1,89%,10,Calm,Calm,,,Scattered Clouds
2018,4,10,4/10/18,atl,3:53 AM,50,96%,10,Calm,Calm,,,Partly Cloudy
2018,4,10,4/10/18,atl,4:53 AM,50,96%,10,Calm,Calm,,,Overcast
2018,4,10,4/10/18,atl,5:53 AM,48.9,100%,10,Calm,Calm,,,Overcast
2018,4,10,4/10/18,atl,6:53 AM,50,100%,10,Calm,Calm,,,Overcast
2018,4,10,4/10/18,atl,7:53 AM,50,100%,10,Calm,Calm,,,Scattered Clouds
2018,4,10,4/10/18,atl,8:53 AM,52,89%,10,Calm,Calm,,,Overcast
2018,4,10,4/10/18,atl,9:53 AM,54,83%,10,Calm,Calm,,,Overcast
2018,4,10,4/10/18,atl,10:53 AM,57,74%,10,Calm,Calm,,,Mostly Cloudy
2018,4,10,4/10/18,atl,11:53 AM,60.1,67%,10,Variable,4.6,,,Mostly Cloudy
2018,4,10,4/10/18,atl,12:53 PM,63,50%,10,Variable,4.6,,,Scattered Clouds
2018,4,10,4/10/18,atl,1:53 PM,66,42%,10,NNE,8.1,,,Clear
2018,4,10,4/10/18,atl,2:53 PM,68,35%,10,N,,,,Clear
2018,4,10,4/10/18,atl,3:53 PM,68,33%,10,NNW,10.4,,,Clear
2018,4,10,4/10/18,atl,4:53 PM,69.1,30%,10,Variable,5.8,,,Clear
2018,4,10,4/10/18,atl,5:53 PM,68,31%,10,NNW,8.1,,,Clear
2018,4,10,4/10/18,atl,6:53 PM,66,33%,10,NNW,8.1,,,Clear
2018,4,10,4/10/18,atl,7:53 PM,63,37%,10,NNW,5.8,,,Clear
2018,4,10,4/10/18,atl,8:53 PM,60.1,41%,10,Calm,Calm,,,Clear
2018,4,10,4/10/18,atl,9:53 PM,53.1,64%,10,Calm,Calm,,,Clear
2018,4,10,4/10/18,atl,10:53 PM,50,74%,10,Calm,Calm,,,Clear
2018,4,11,4/11/18,atl,1:53 AM,52,54%,10,N,3.5,,,Clear
2018,4,11,4/11/18,atl,2:53 AM,48.9,64%,10,NW,5.8,,,Clear
2018,4,11,4/11/18,atl,3:53 AM,46.9,68%,10,NW,4.6,,,Clear
2018,4,11,4/11/18,atl,4:53 AM,46.9,68%,10,Calm,Calm,,,Clear
2018,4,11,4/11/18,atl,5:53 AM,46,71%,10,Calm,Calm,,,Clear
2018,4,11,4/11/18,atl,6:53 AM,45,71%,10,Calm,Calm,,,Clear
2018,4,11,4/11/18,atl,7:53 AM,44.1,76%,10,W,3.5,,,Clear
2018,4,11,4/11/18,atl,8:53 AM,48,68%,10,NNW,5.8,,,Clear
2018,4,11,4/11/18,atl,9:53 AM,53.1,55%,10,NW,8.1,,,Clear
2018,4,11,4/11/18,atl,10:53 AM,57.9,41%,10,N,10.4,,,Clear
2018,4,11,4/11/18,atl,11:53 AM,61,35%,10,WNW,10.4,,,Clear
2018,4,11,4/11/18,atl,12:53 PM,64,30%,10,WNW,15,,,Clear
2018,4,11,4/11/18,atl,1:53 PM,66,28%,10,NNW,8.1,,,Clear
2018,4,11,4/11/18,atl,2:53 PM,68,26%,10,Variable,3.5,,,Clear
2018,4,11,4/11/18,atl,3:53 PM,70,27%,10,NNW,8.1,,,Clear
2018,4,11,4/11/18,atl,4:53 PM,69.1,26%,10,Variable,6.9,,,Clear
2018,4,11,4/11/18,atl,5:53 PM,68,26%,10,WNW,6.9,,,Clear
2018,4,11,4/11/18,atl,6:53 PM,66.9,28%,10,WNW,6.9,,,Clear
2018,4,11,4/11/18,atl,7:53 PM,64.9,31%,10,Calm,Calm,,,Clear
2018,4,11,4/11/18,atl,8:53 PM,60.1,42%,10,Calm,Calm,,,Clear
2018,4,11,4/11/18,atl,9:53 PM,55.9,60%,10,Calm,Calm,,,Clear
2018,4,11,4/11/18,atl,10:53 PM,53.1,66%,10,Calm,Calm,,,Clear
2018,4,11,4/11/18,atl,11:53 PM,51.1,77%,10,Calm,Calm,,,Clear
2018,4,12,4/12/18,atl,12:53 AM,48.9,80%,10,Calm,Calm,,,Clear
2018,4,12,4/12/18,atl,1:53 AM,46.9,86%,10,Calm,Calm,,,Clear
2018,4,12,4/12/18,atl,2:53 AM,48,86%,10,Calm,Calm,,,Clear
2018,4,12,4/12/18,atl,3:53 AM,45,93%,10,Calm,Calm,,,Clear
2018,4,12,4/12/18,atl,4:53 AM,44.1,96%,10,Calm,Calm,,,Clear
2018,4,12,4/12/18,atl,5:53 AM,43,100%,10,Calm,Calm,,,Clear
2018,4,12,4/12/18,atl,6:53 AM,43,97%,10,Calm,Calm,,,Clear
2018,4,12,4/12/18,atl,7:49 AM,42.8,100%,10,Calm,Calm,,,Clear
2018,4,12,4/12/18,atl,7:53 AM,43,100%,10,Calm,Calm,,,Clear
2018,4,12,4/12/18,atl,8:53 AM,50,86%,10,Calm,Calm,,,Clear
2018,4,12,4/12/18,atl,9:53 AM,60.1,60%,10,Calm,Calm,,,Clear
2018,4,12,4/12/18,atl,10:22 AM,64,48%,10,Variable,3.5,,,Partly Cloudy
2018,4,12,4/12/18,atl,10:53 AM,66.9,39%,10,SSW,5.8,,,Clear
2018,4,12,4/12/18,atl,11:53 AM,70,28%,10,S,8.1,,,Clear
2018,4,12,4/12/18,atl,12:53 PM,73,28%,10,Variable,3.5,,,Clear
2018,4,12,4/12/18,atl,1:53 PM,73.9,26%,10,SSE,8.1,,,Clear
2018,4,12,4/12/18,atl,2:53 PM,75,25%,10,S,11.5,,,Clear
2018,4,12,4/12/18,atl,3:53 PM,75.9,25%,10,Variable,6.9,,,Clear
2018,4,12,4/12/18,atl,4:53 PM,77,24%,10,SE,10.4,,,Clear
2018,4,12,4/12/18,atl,5:53 PM,77,24%,10,SSW,11.5,,,Clear
2018,4,12,4/12/18,atl,6:53 PM,75.9,25%,10,S,10.4,,,Clear
2018,4,12,4/12/18,atl,7:53 PM,73.9,28%,7,S,5.8,,,Clear
2018,4,12,4/12/18,atl,8:53 PM,71.1,32%,9,SSE,6.9,,,Clear
2018,4,12,4/12/18,atl,9:53 PM,66,40%,10,S,5.8,,,Clear
2018,4,12,4/12/18,atl,10:53 PM,68,37%,10,S,9.2,,,Clear
2018,4,12,4/12/18,atl,11:53 PM,66,42%,10,S,8.1,,,Clear
2018,4,13,4/13/18,atl,12:53 AM,64,45%,10,SSW,3.5,,,Clear
2018,4,13,4/13/18,atl,1:53 AM,57,64%,10,Calm,Calm,,,Clear
2018,4,13,4/13/18,atl,2:53 AM,54,75%,10,Calm,Calm,,,Clear
2018,4,13,4/13/18,atl,3:53 AM,53.1,77%,10,Calm,Calm,,,Clear
2018,4,13,4/13/18,atl,4:53 AM,50,89%,10,Calm,Calm,,,Clear
2018,4,13,4/13/18,atl,5:53 AM,48,93%,10,Calm,Calm,,,Clear
2018,4,13,4/13/18,atl,6:53 AM,46.9,97%,10,Calm,Calm,,,Clear
2018,4,13,4/13/18,atl,7:53 AM,48,96%,10,Calm,Calm,,,Clear
2018,4,13,4/13/18,atl,8:53 AM,55.9,80%,10,N,,,,Clear
2018,4,13,4/13/18,atl,9:53 AM,64,63%,10,S,4.6,,,Clear
2018,4,13,4/13/18,atl,10:53 AM,69.1,58%,10,S,10.4,,,Clear
2018,4,13,4/13/18,atl,11:53 AM,72,55%,10,S,13.8,,,Partly Cloudy
2018,4,13,4/13/18,atl,12:53 PM,73.9,52%,10,S,13.8,,,Scattered Clouds
2018,4,13,4/13/18,atl,1:53 PM,77,47%,10,SSW,13.8,,,Mostly Cloudy
2018,4,13,4/13/18,atl,2:53 PM,77,45%,10,SE,10.4,,,Scattered Clouds
2018,4,13,4/13/18,atl,3:53 PM,80.1,39%,10,SSE,10.4,,,Partly Cloudy
2018,4,13,4/13/18,atl,4:53 PM,80.1,38%,10,S,13.8,,,Partly Cloudy
2018,4,13,4/13/18,atl,5:53 PM,79,39%,10,S,12.7,,,Clear
2018,4,13,4/13/18,atl,6:53 PM,79,39%,10,S,10.4,,,Clear
2018,4,13,4/13/18,atl,7:53 PM,77,42%,10,S,6.9,,,Clear
2018,4,13,4/13/18,atl,8:53 PM,73.9,50%,10,SSE,6.9,,,Scattered Clouds
2018,4,13,4/13/18,atl,9:53 PM,73,51%,10,SE,8.1,,,Mostly Cloudy
2018,4,13,4/13/18,atl,10:53 PM,71.1,57%,10,SSE,6.9,,,Mostly Cloudy
2018,4,13,4/13/18,atl,11:53 PM,71.1,57%,10,S,5.8,,,Scattered Clouds
2018,4,14,4/14/18,atl,12:53 AM,70,63%,10,S,8.1,,,Scattered Clouds
2018,4,14,4/14/18,atl,1:53 AM,69.1,68%,10,S,8.1,,,Scattered Clouds
2018,4,14,4/14/18,atl,2:53 AM,68,73%,10,S,9.2,,,Scattered Clouds
2018,4,14,4/14/18,atl,3:53 AM,66,81%,10,SSW,3.5,,,Mostly Cloudy
2018,4,14,4/14/18,atl,4:53 AM,64.9,84%,10,SE,3.5,,,Scattered Clouds
2018,4,14,4/14/18,atl,5:53 AM,66,81%,10,SSE,10.4,,,Mostly Cloudy
2018,4,14,4/14/18,atl,6:53 AM,64.9,84%,10,SSE,8.1,,,Mostly Cloudy
2018,4,14,4/14/18,atl,7:53 AM,63,90%,10,SSE,8.1,,,Mostly Cloudy
2018,4,14,4/14/18,atl,8:43 AM,64,90%,10,SSE,8.1,,,Mostly Cloudy
2018,4,14,4/14/18,atl,8:53 AM,64.9,90%,10,S,5.8,,,Mostly Cloudy
2018,4,14,4/14/18,atl,9:43 AM,68,81%,10,S,6.9,,,Overcast
2018,4,14,4/14/18,atl,9:53 AM,66.9,84%,10,S,10.4,,,Overcast
2018,4,14,4/14/18,atl,10:53 AM,73,71%,10,S,8.1,,,Mostly Cloudy
2018,4,14,4/14/18,atl,11:53 AM,75,62%,10,SSE,13.8,,,Mostly Cloudy
2018,4,14,4/14/18,atl,12:53 PM,75.9,56%,10,SSE,10.4,,,Mostly Cloudy
2018,4,14,4/14/18,atl,1:53 PM,78.1,54%,10,SSE,13.8,,,Mostly Cloudy
2018,4,14,4/14/18,atl,2:53 PM,80.1,48%,10,S,13.8,,,Mostly Cloudy
2018,4,14,4/14/18,atl,3:53 PM,80.1,50%,10,SSE,12.7,,,Mostly Cloudy
2018,4,14,4/14/18,atl,4:53 PM,80.1,48%,10,S,12.7,,,Scattered Clouds
2018,4,14,4/14/18,atl,5:53 PM,81,47%,10,SSE,11.5,,,Scattered Clouds
2018,4,14,4/14/18,atl,6:53 PM,79,48%,10,S,12.7,,,Partly Cloudy
2018,4,14,4/14/18,atl,7:53 PM,78.1,50%,10,SSE,8.1,,,Partly Cloudy
2018,4,14,4/14/18,atl,8:53 PM,77,54%,10,SSE,12.7,,,Scattered Clouds
2018,4,14,4/14/18,atl,9:53 PM,75.9,56%,10,SSE,12.7,,,Mostly Cloudy
2018,4,14,4/14/18,atl,10:53 PM,75,57%,10,S,9.2,,,Mostly Cloudy
2018,4,14,4/14/18,atl,11:53 PM,73.9,62%,10,S,8.1,,,Mostly Cloudy
2018,4,15,4/15/18,atl,12:53 AM,73,61%,10,S,8.1,,,Overcast
2018,4,15,4/15/18,atl,1:53 AM,73,59%,10,S,11.5,,,Overcast
2018,4,15,4/15/18,atl,2:53 AM,72,57%,10,S,6.9,,,Scattered Clouds
2018,4,15,4/15/18,atl,3:51 AM,71.6,57%,10,SW,11.5,,Thunderstorm,Overcast
2018,4,15,4/15/18,atl,3:53 AM,71.1,57%,10,WSW,12.7,,Thunderstorm,Overcast
2018,4,15,4/15/18,atl,4:06 AM,68,68%,4,SSW,4.6,0.04,Rain,Light Rain
2018,4,15,4/15/18,atl,4:53 AM,64,90%,10,W,3.5,0.05,Rain,Light Rain
2018,4,15,4/15/18,atl,5:37 AM,63,97%,1.8,Calm,Calm,0.09,Rain,Rain
2018,4,15,4/15/18,atl,5:48 AM,62.6,100%,3,Calm,Calm,0.13,Rain,Rain
2018,4,15,4/15/18,atl,5:53 AM,63,97%,3,ESE,3.5,0.16,Rain,Heavy Rain
2018,4,15,4/15/18,atl,6:07 AM,62.1,100%,2,Calm,Calm,0.15,Rain,Heavy Rain
2018,4,15,4/15/18,atl,6:18 AM,62.1,100%,1.8,SSE,3.5,0.26,Rain,Heavy Rain
2018,4,15,4/15/18,atl,6:27 AM,62.1,100%,3,ESE,3.5,0.32,Rain,Rain
2018,4,15,4/15/18,atl,6:35 AM,62.1,100%,4,ESE,5.8,0.36,Rain,Heavy Rain
2018,4,15,4/15/18,atl,6:53 AM,62.1,100%,5,East,3.5,0.4,Rain,Rain
2018,4,15,4/15/18,atl,7:00 AM,62.1,100%,6,NE,6.9,0.02,Rain,Rain
2018,4,15,4/15/18,atl,7:53 AM,62.1,100%,7,ESE,3.5,0.1,Rain,Light Rain
2018,4,15,4/15/18,atl,8:24 AM,62.1,100%,5,SE,5.8,0.05,Rain,Rain
2018,4,15,4/15/18,atl,8:35 AM,62.1,100%,4,SE,8.1,0.07,Rain,Rain
2018,4,15,4/15/18,atl,8:53 AM,62.1,100%,4,ESE,10.4,0.12,Rain,Rain
2018,4,15,4/15/18,atl,9:53 AM,64.9,93%,10,S,5.8,0.03,,Mostly Cloudy
2018,4,15,4/15/18,atl,10:51 AM,64.4,100%,10,SE,12.7,0,,Mostly Cloudy
2018,4,15,4/15/18,atl,10:53 AM,64.9,97%,10,SSE,13.8,0,,Mostly Cloudy
2018,4,15,4/15/18,atl,11:53 AM,57,100%,2.5,WNW,10.4,0.05,Rain,Light Rain
2018,4,15,4/15/18,atl,12:00 PM,55.9,97%,10,WNW,12.7,0,Rain,Light Rain
2018,4,15,4/15/18,atl,12:20 PM,55,96%,10,NW,10.4,0,,Overcast
2018,4,15,4/15/18,atl,12:33 PM,54,97%,10,WNW,6.9,0,,Overcast
2018,4,15,4/15/18,atl,12:53 PM,55,93%,2.5,WNW,5.8,0.02,Rain,Rain
2018,4,15,4/15/18,atl,1:18 PM,54,97%,2.5,Variable,5.8,0.05,"Rain , Thunderstorm",Rain
2018,4,15,4/15/18,atl,1:25 PM,54,97%,1.8,WNW,5.8,0.06,"Rain , Thunderstorm",Light Thunderstorms and Rain
2018,4,15,4/15/18,atl,1:28 PM,54,97%,3,WNW,4.6,0.07,"Rain , Thunderstorm",Light Thunderstorms and Rain
2018,4,15,4/15/18,atl,1:31 PM,54,97%,1.8,W,9.2,0.14,"Rain , Thunderstorm",Heavy Thunderstorms and Rain
2018,4,15,4/15/18,atl,1:41 PM,53.1,100%,0.8,NW,4.6,0.29,"Rain , Thunderstorm",Heavy Thunderstorms and Rain
2018,4,15,4/15/18,atl,1:46 PM,53.1,100%,2,WNW,3.5,0.3,"Rain , Thunderstorm",Thunderstorms and Rain
2018,4,15,4/15/18,atl,1:53 PM,53.1,100%,5,Calm,Calm,0.31,"Rain , Thunderstorm",Light Thunderstorms and Rain
2018,4,15,4/15/18,atl,1:59 PM,54,100%,5,N,3.5,0.01,"Rain , Thunderstorm",Light Rain
2018,4,15,4/15/18,atl,2:03 PM,54,100%,6,NW,3.5,0.01,"Rain , Thunderstorm",Light Rain
2018,4,15,4/15/18,atl,2:11 PM,54,100%,8,WNW,4.6,0.01,Rain,Light Rain
2018,4,15,4/15/18,atl,2:23 PM,55,96%,7,WNW,6.9,0.02,Rain,Light Rain
2018,4,15,4/15/18,atl,2:32 PM,55,96%,5,Variable,3.5,0.03,Rain,Light Rain
2018,4,15,4/15/18,atl,2:53 PM,54,97%,10,NW,13.8,0.09,Rain,Light Rain
2018,4,15,4/15/18,atl,3:53 PM,52,97%,10,WNW,13.8,0,,Overcast
2018,4,15,4/15/18,atl,4:30 PM,54,83%,10,W,11.5,,,Overcast
2018,4,15,4/15/18,atl,4:41 PM,54,83%,10,WNW,11.5,,,Overcast
2018,4,15,4/15/18,atl,4:53 PM,55,83%,10,WNW,12.7,,,Mostly Cloudy
2018,4,15,4/15/18,atl,5:53 PM,54,72%,10,W,13.8,,,Overcast
2018,4,15,4/15/18,atl,6:53 PM,53.1,69%,10,W,9.2,,,Overcast
2018,4,15,4/15/18,atl,7:53 PM,51.1,68%,10,W,11.5,,,Overcast
2018,4,15,4/15/18,atl,8:53 PM,48,71%,10,NW,13.8,,,Overcast
2018,4,15,4/15/18,atl,9:53 PM,46.9,71%,10,W,12.7,,,Overcast
2018,4,15,4/15/18,atl,10:53 PM,46,73%,10,NW,9.2,,,Overcast
2018,4,15,4/15/18,atl,11:34 PM,45,74%,10,W,9.2,,,Overcast
2018,4,15,4/15/18,atl,11:53 PM,44.1,79%,10,W,13.8,,,Overcast
2018,4,16,4/16/18,atl,12:53 AM,42.1,92%,10,NW,11.5,0,,Overcast
2018,4,16,4/16/18,atl,1:18 AM,41,93%,8,WNW,18.4,0,Rain,Light Rain
2018,4,16,4/16/18,atl,1:40 AM,39.9,89%,10,WNW,10.4,0,,Overcast
2018,4,16,4/16/18,atl,1:53 AM,39.9,89%,10,WNW,11.5,0,,Overcast
2018,4,16,4/16/18,atl,2:53 AM,39.9,86%,10,W,9.2,,,Overcast
2018,4,16,4/16/18,atl,3:36 AM,39.9,79%,10,W,12.7,,,Mostly Cloudy
2018,4,16,4/16/18,atl,3:53 AM,39,82%,10,W,10.4,,,Mostly Cloudy
2018,4,16,4/16/18,atl,4:22 AM,39,82%,10,W,4.6,,,Mostly Cloudy
2018,4,16,4/16/18,atl,4:51 AM,39.2,81%,10,W,10.4,,,Overcast
2018,4,16,4/16/18,atl,4:53 AM,39.9,79%,10,W,10.4,,,Overcast
2018,4,16,4/16/18,atl,5:03 AM,39.9,77%,10,W,9.2,,,Overcast
2018,4,16,4/16/18,atl,5:39 AM,39.9,77%,10,W,11.5,,,Overcast
2018,4,16,4/16/18,atl,5:53 AM,39.9,77%,10,W,6.9,,,Overcast
2018,4,16,4/16/18,atl,6:53 AM,39.9,73%,10,W,8.1,,,Overcast
2018,4,16,4/16/18,atl,7:53 AM,39,73%,10,W,11.5,,,Overcast
2018,4,16,4/16/18,atl,8:53 AM,39,76%,10,W,13.8,,,Overcast
2018,4,16,4/16/18,atl,9:53 AM,41,70%,10,W,11.5,,,Overcast
2018,4,16,4/16/18,atl,10:51 AM,41,65%,10,WNW,18.4,,,Overcast
2018,4,16,4/16/18,atl,10:53 AM,42.1,62%,10,W,15,,,Overcast
2018,4,16,4/16/18,atl,11:26 AM,43,62%,10,N,,,,Overcast
2018,4,16,4/16/18,atl,11:33 AM,43,62%,10,WNW,12.7,,,Overcast
2018,4,16,4/16/18,atl,11:53 AM,42.1,62%,10,W,15,,,Overcast
2018,4,16,4/16/18,atl,12:53 PM,43,62%,10,WNW,17.3,,,Overcast
2018,4,16,4/16/18,atl,1:53 PM,45,58%,10,W,18.4,,,Overcast
2018,4,16,4/16/18,atl,2:53 PM,48,52%,10,W,18.4,,,Mostly Cloudy
2018,4,16,4/16/18,atl,3:53 PM,51.1,48%,10,W,15,,,Partly Cloudy
2018,4,16,4/16/18,atl,4:53 PM,52,47%,10,W,13.8,,,Partly Cloudy
2018,4,16,4/16/18,atl,5:53 PM,53.1,45%,10,W,15,,,Clear
2018,4,16,4/16/18,atl,6:53 PM,52,47%,10,W,18.4,,,Clear
2018,4,16,4/16/18,atl,7:53 PM,50,50%,10,W,11.5,,,Clear
2018,4,16,4/16/18,atl,8:53 PM,48,56%,10,WNW,6.9,,,Clear
2018,4,16,4/16/18,atl,9:53 PM,46.9,61%,10,WNW,5.8,,,Clear
2018,4,16,4/16/18,atl,10:53 PM,46,58%,10,WNW,5.8,,,Clear
2018,4,16,4/16/18,atl,11:53 PM,43,65%,10,N,9.2,,,Clear
2018,4,17,4/17/18,atl,12:53 AM,39.9,68%,10,NNW,5.8,,,Clear
2018,4,17,4/17/18,atl,1:53 AM,37.9,73%,10,W,3.5,,,Clear
2018,4,17,4/17/18,atl,2:53 AM,37,76%,10,W,4.6,,,Clear
2018,4,17,4/17/18,atl,3:53 AM,36,76%,10,SW,3.5,,,Clear
2018,4,17,4/17/18,atl,4:53 AM,35.1,82%,10,SW,3.5,,,Clear
2018,4,17,4/17/18,atl,5:53 AM,35.1,78%,10,Calm,Calm,,,Clear
2018,4,17,4/17/18,atl,6:53 AM,35.1,78%,10,W,3.5,,,Clear
2018,4,17,4/17/18,atl,7:53 AM,35.1,85%,10,Calm,Calm,,,Clear
2018,4,17,4/17/18,atl,8:53 AM,41,67%,10,Calm,Calm,,,Clear
2018,4,17,4/17/18,atl,9:53 AM,46.9,61%,10,WSW,5.8,,,Clear
2018,4,17,4/17/18,atl,10:53 AM,54,49%,10,W,8.1,,,Clear
2018,4,17,4/17/18,atl,11:53 AM,59,42%,10,WSW,11.5,,,Clear
2018,4,17,4/17/18,atl,12:53 PM,64.9,37%,10,W,15,,,Clear
2018,4,17,4/17/18,atl,1:53 PM,68,36%,10,W,12.7,,,Clear
2018,4,17,4/17/18,atl,2:53 PM,72,35%,10,W,15,,,Clear
2018,4,17,4/17/18,atl,3:53 PM,73.9,35%,10,WSW,12.7,,,Clear
2018,4,17,4/17/18,atl,4:53 PM,75,34%,10,W,12.7,,,Clear
2018,4,17,4/17/18,atl,5:53 PM,75.9,31%,10,W,10.4,,,Clear
2018,4,17,4/17/18,atl,6:53 PM,75.9,29%,10,W,9.2,,,Clear
2018,4,10,4/10/18,chi,12:51 AM,30.9,89%,5,W,4.6,,,Partly Cloudy
2018,4,10,4/10/18,chi,1:51 AM,30.9,82%,7,W,4.6,,,Partly Cloudy
2018,4,10,4/10/18,chi,2:51 AM,30,79%,10,W,4.6,,,Clear
2018,4,10,4/10/18,chi,3:51 AM,30,75%,10,W,6.9,,,Clear
2018,4,10,4/10/18,chi,4:51 AM,28,78%,10,W,3.5,,,Clear
2018,4,10,4/10/18,chi,5:51 AM,28.9,75%,10,W,5.8,,,Clear
2018,4,10,4/10/18,chi,6:51 AM,28.9,75%,10,W,8.1,,,Clear
2018,4,10,4/10/18,chi,7:51 AM,30.9,72%,10,W,8.1,,,Clear
2018,4,10,4/10/18,chi,8:51 AM,35.1,61%,10,NNW,6.9,,,Partly Cloudy
2018,4,10,4/10/18,chi,9:51 AM,37.9,55%,10,Variable,4.6,,,Partly Cloudy
2018,4,10,4/10/18,chi,10:51 AM,39.9,51%,10,WSW,9.2,,,Mostly Cloudy
2018,4,10,4/10/18,chi,11:51 AM,41,45%,10,W,8.1,,,Mostly Cloudy
2018,4,10,4/10/18,chi,12:51 PM,43,42%,10,W,9.2,,,Mostly Cloudy
2018,4,10,4/10/18,chi,1:51 PM,44.1,40%,10,WSW,13.8,,,Mostly Cloudy
2018,4,10,4/10/18,chi,2:51 PM,43,42%,10,W,6.9,,,Mostly Cloudy
2018,4,10,4/10/18,chi,3:51 PM,44.1,42%,10,W,15,,,Overcast
2018,4,10,4/10/18,chi,4:51 PM,44.1,42%,10,WSW,10.4,,,Overcast
2018,4,10,4/10/18,chi,5:51 PM,44.1,42%,10,W,10.4,,,Overcast
2018,4,10,4/10/18,chi,6:51 PM,43,45%,10,W,9.2,,,Overcast
2018,4,10,4/10/18,chi,7:51 PM,43,47%,10,W,6.9,,,Overcast
2018,4,10,4/10/18,chi,8:51 PM,43,47%,10,WSW,9.2,,,Overcast
2018,4,10,4/10/18,chi,9:51 PM,42.1,53%,10,WSW,11.5,,,Overcast
2018,4,11,4/11/18,chi,2:51 AM,39.9,70%,10,S,9.2,0,,Overcast
2018,4,11,4/11/18,chi,1:51 AM,39.9,68%,10,S,8.1,,,Overcast
2018,4,11,4/11/18,chi,2:51 AM,41,62%,10,SSW,13.8,,,Overcast
2018,4,11,4/11/18,chi,3:51 AM,41,60%,10,SSW,12.7,,,Overcast
2018,4,11,4/11/18,chi,4:51 AM,42.1,58%,10,SW,11.5,,,Mostly Cloudy
2018,4,11,4/11/18,chi,5:51 AM,39.9,63%,10,SW,11.5,,,Partly Cloudy
2018,4,11,4/11/18,chi,6:51 AM,39,65%,10,SW,11.5,,,Partly Cloudy
2018,4,11,4/11/18,chi,7:51 AM,41,65%,10,WSW,13.8,,,Scattered Clouds
2018,4,11,4/11/18,chi,8:51 AM,44.1,60%,10,W,11.5,,,Scattered Clouds
2018,4,11,4/11/18,chi,9:51 AM,48,56%,10,WSW,13.8,,,Mostly Cloudy
2018,4,11,4/11/18,chi,10:51 AM,53.1,50%,10,WSW,13.8,,,Mostly Cloudy
2018,4,11,4/11/18,chi,11:51 AM,57,47%,10,WSW,12.7,,,Scattered Clouds
2018,4,11,4/11/18,chi,12:51 PM,60.1,42%,10,W,6.9,,,Mostly Cloudy
2018,4,11,4/11/18,chi,1:51 PM,64,38%,10,Variable,6.9,,,Mostly Cloudy
2018,4,11,4/11/18,chi,2:51 PM,64.9,37%,10,WSW,6.9,,,Overcast
2018,4,11,4/11/18,chi,3:51 PM,64.9,36%,10,Calm,Calm,,,Overcast
2018,4,11,4/11/18,chi,4:51 PM,57.9,44%,9,ENE,11.5,,,Overcast
2018,4,11,4/11/18,chi,5:51 PM,55,49%,8,ENE,12.7,,,Overcast
2018,4,11,4/11/18,chi,6:51 PM,50,57%,8,East,9.2,0,,Overcast
2018,4,11,4/11/18,chi,7:51 PM,48.9,56%,10,NE,9.2,,,Overcast
2018,4,11,4/11/18,chi,8:51 PM,46,66%,10,NE,8.1,0,,Overcast
2018,4,11,4/11/18,chi,9:51 PM,46,66%,9,ENE,5.8,0,Rain,Light Rain
2018,4,11,4/11/18,chi,10:51 PM,46,71%,9,East,6.9,0.01,,Overcast
2018,4,11,4/11/18,chi,11:51 PM,44.1,79%,7,N,9.2,0,Rain,Light Rain
2018,4,12,4/12/18,chi,12:51 AM,44.1,85%,5,NE,6.9,0.04,Rain,Light Rain
2018,4,12,4/12/18,chi,1:51 AM,45,90%,5,Calm,Calm,0,,Overcast
2018,4,12,4/12/18,chi,2:09 AM,45,90%,4,Calm,Calm,0,Rain,Light Rain
2018,4,12,4/12/18,chi,2:51 AM,45,90%,4,SE,11.5,0.03,,Mostly Cloudy
2018,4,12,4/12/18,chi,3:51 AM,46.9,90%,5,SSE,9.2,,,Mostly Cloudy
2018,4,12,4/12/18,chi,4:51 AM,54,64%,10,SSW,17.3,,,Mostly Cloudy
2018,4,12,4/12/18,chi,5:51 AM,55,59%,10,SSW,17.3,,,Mostly Cloudy
2018,4,12,4/12/18,chi,6:51 AM,55,57%,10,SW,17.3,,,Scattered Clouds
2018,4,12,4/12/18,chi,7:51 AM,57,55%,10,SW,18.4,,,Partly Cloudy
2018,4,12,4/12/18,chi,8:51 AM,61,50%,10,WSW,21.9,,,Partly Cloudy
2018,4,12,4/12/18,chi,9:51 AM,64.9,47%,10,WSW,19.6,,,Partly Cloudy
2018,4,12,4/12/18,chi,10:51 AM,66.9,45%,10,W,17.3,,,Clear
2018,4,12,4/12/18,chi,11:51 AM,71.1,41%,10,W,17.3,,,Partly Cloudy
2018,4,12,4/12/18,chi,12:51 PM,71.1,39%,10,WNW,13.8,,,Scattered Clouds
2018,4,12,4/12/18,chi,1:51 PM,71.1,38%,10,WNW,12.7,,,Overcast
2018,4,12,4/12/18,chi,2:51 PM,72,37%,10,NW,5.8,,,Overcast
2018,4,12,4/12/18,chi,3:34 PM,63,52%,10,ENE,15,,,Clear
2018,4,12,4/12/18,chi,3:51 PM,63,52%,10,ENE,11.5,,,Overcast
2018,4,12,4/12/18,chi,4:51 PM,57.9,60%,9,ENE,13.8,,,Overcast
2018,4,12,4/12/18,chi,5:51 PM,52,69%,9,NE,18.4,,,Overcast
2018,4,12,4/12/18,chi,6:51 PM,48,74%,8,ENE,12.7,,,Overcast
2018,4,12,4/12/18,chi,7:51 PM,46,73%,9,NE,13.8,,,Overcast
2018,4,12,4/12/18,chi,8:51 PM,44.1,76%,10,ENE,13.8,,,Overcast
2018,4,12,4/12/18,chi,9:51 PM,44.1,76%,10,ENE,13.8,,,Overcast
2018,4,12,4/12/18,chi,10:51 PM,43,76%,10,ENE,11.5,,,Overcast
2018,4,12,4/12/18,chi,11:51 PM,42.1,76%,10,NE,13.8,,,Overcast
2018,4,13,4/13/18,chi,12:51 AM,42.1,76%,10,NE,13.8,,,Overcast
2018,4,13,4/13/18,chi,1:51 AM,41,79%,10,NNE,12.7,,,Mostly Cloudy
2018,4,13,4/13/18,chi,2:51 AM,39.9,83%,10,N,6.9,,,Overcast
2018,4,13,4/13/18,chi,3:51 AM,39.9,83%,10,NE,12.7,,,Mostly Cloudy
2018,4,13,4/13/18,chi,4:51 AM,39.9,86%,10,NE,15,,,Mostly Cloudy
2018,4,13,4/13/18,chi,5:51 AM,41,82%,10,ENE,11.5,,,Mostly Cloudy
2018,4,13,4/13/18,chi,6:51 AM,42.1,82%,10,NNE,6.9,,,Mostly Cloudy
2018,4,13,4/13/18,chi,7:51 AM,43,82%,10,NNE,10.4,,,Overcast
2018,4,13,4/13/18,chi,8:51 AM,46.9,74%,10,NNE,12.7,,,Mostly Cloudy
2018,4,13,4/13/18,chi,9:51 AM,46.9,74%,10,N,10.4,,,Overcast
2018,4,13,4/13/18,chi,10:51 AM,46.9,74%,10,NNE,8.1,,,Overcast
2018,4,13,4/13/18,chi,11:51 AM,45,76%,10,N,13.8,,,Overcast
2018,4,13,4/13/18,chi,12:51 PM,44.1,76%,10,NNE,19.6,0,,Overcast
2018,4,13,4/13/18,chi,1:32 PM,43,76%,10,NNE,20.7,,,Overcast
2018,4,13,4/13/18,chi,1:51 PM,43,76%,10,NNE,24.2,,,Overcast
2018,4,13,4/13/18,chi,2:51 PM,42.1,82%,10,NE,13.8,0,,Overcast
2018,4,13,4/13/18,chi,3:33 PM,43,80%,10,NE,11.5,,,Overcast
2018,4,13,4/13/18,chi,3:51 PM,44.1,79%,10,NE,12.7,,,Overcast
2018,4,13,4/13/18,chi,4:51 PM,45,80%,10,ENE,6.9,0,Rain,Light Rain
2018,4,13,4/13/18,chi,5:51 PM,43,86%,9,NNE,5.8,0,,Overcast
2018,4,13,4/13/18,chi,6:51 PM,41,89%,6,NNE,12.7,0.01,,Overcast
2018,4,13,4/13/18,chi,7:29 PM,39.9,93%,7,NNE,19.6,,,Overcast
2018,4,13,4/13/18,chi,7:51 PM,39.9,93%,9,NNE,13.8,,,Overcast
2018,4,13,4/13/18,chi,8:12 PM,39.9,93%,10,NNE,18.4,,,Overcast
2018,4,13,4/13/18,chi,8:51 PM,41,89%,10,NE,15,,,Overcast
2018,4,13,4/13/18,chi,9:51 PM,39.9,93%,10,NE,13.8,,,Overcast
2018,4,13,4/13/18,chi,10:51 PM,39.9,89%,10,NNE,16.1,0,Rain,Light Rain
2018,4,13,4/13/18,chi,11:51 PM,39,93%,10,NNE,20.7,0.04,,Overcast
2018,4,14,4/14/18,chi,12:51 AM,39,89%,6,NE,19.6,0.01,Rain,Light Rain
2018,4,14,4/14/18,chi,1:51 AM,39,89%,4,NE,19.6,0.07,Rain,Rain
2018,4,14,4/14/18,chi,2:22 AM,39,89%,7,NNE,19.6,0.12,Rain,Light Rain
2018,4,14,4/14/18,chi,2:51 AM,39,89%,4,NNE,20.7,0.22,Rain,Rain
2018,4,14,4/14/18,chi,3:03 AM,39,89%,6,NNE,19.6,0.04,Rain,Rain
2018,4,14,4/14/18,chi,3:51 AM,39,89%,10,NNE,18.4,0.11,Rain,Light Rain
2018,4,14,4/14/18,chi,4:51 AM,37.9,89%,10,NNE,18.4,0.02,Rain,Light Rain
2018,4,14,4/14/18,chi,5:51 AM,37.9,93%,8,NNE,19.6,0.04,Rain,Light Rain
2018,4,14,4/14/18,chi,6:51 AM,39,89%,9,NE,27.6,0.04,Rain,Light Rain
2018,4,14,4/14/18,chi,7:51 AM,39,89%,9,NE,25.3,0.01,,Light Drizzle
2018,4,14,4/14/18,chi,8:51 AM,39,89%,10,NE,19.6,0,,Overcast
2018,4,14,4/14/18,chi,9:34 AM,39,89%,3,NE,24.2,0,Rain,Light Rain
2018,4,14,4/14/18,chi,9:51 AM,39,89%,4,NE,27.6,0,Rain,Light Rain
2018,4,14,4/14/18,chi,10:22 AM,39,89%,5,NE,19.6,0,,Overcast
2018,4,14,4/14/18,chi,10:42 AM,39,89%,2,NE,25.3,0,,Light Drizzle
2018,4,14,4/14/18,chi,10:51 AM,39,89%,2,NE,18.4,0,,Light Drizzle
2018,4,14,4/14/18,chi,11:51 AM,39,89%,2.5,NE,20.7,0.01,,Light Drizzle
2018,4,14,4/14/18,chi,12:51 PM,37.9,89%,2,NE,24.2,0,,Light Drizzle
2018,4,14,4/14/18,chi,1:51 PM,37.9,89%,2,NE,25.3,0,,Light Drizzle
2018,4,14,4/14/18,chi,2:51 PM,37.9,89%,2.5,NE,21.9,0,,Light Drizzle
2018,4,14,4/14/18,chi,3:51 PM,37,89%,2.5,NE,24.2,0,,Light Drizzle
2018,4,14,4/14/18,chi,4:51 PM,36,89%,2.5,NE,24.2,0,,Light Drizzle
2018,4,14,4/14/18,chi,5:30 PM,36,89%,3,ENE,27.6,0.01,Rain,Light Rain
2018,4,14,4/14/18,chi,5:51 PM,36,86%,10,ENE,26.5,0.01,Rain,Light Rain
2018,4,14,4/14/18,chi,6:51 PM,36,86%,9,ENE,17.3,0.02,Rain,Light Rain
2018,4,14,4/14/18,chi,7:51 PM,36,89%,10,ENE,16.1,0.02,Rain,Light Rain
2018,4,14,4/14/18,chi,8:51 PM,36,86%,10,ENE,19.6,,Rain,Light Rain
2018,4,14,4/14/18,chi,9:51 PM,36,89%,3,ENE,19.6,0.04,Rain,Heavy Rain
2018,4,14,4/14/18,chi,10:11 PM,36,89%,5,ENE,20.7,0.18,Rain,Light Rain
2018,4,14,4/14/18,chi,10:51 PM,36,89%,10,ENE,17.3,0.18,,Overcast
2018,4,14,4/14/18,chi,11:31 PM,36,86%,4,ENE,18.4,0.01,Rain,Light Rain
2018,4,14,4/14/18,chi,11:51 PM,36,89%,4,ENE,13.8,0.07,Rain,Rain
2018,4,15,4/15/18,chi,12:11 AM,36,89%,5,NE,16.1,0.08,Rain,Rain
2018,4,15,4/15/18,chi,12:51 AM,36,89%,5,NE,18.4,0.11,,Light Drizzle
2018,4,15,4/15/18,chi,1:09 AM,36,89%,4,NE,18.4,0.02,,Light Drizzle
2018,4,15,4/15/18,chi,1:51 AM,35.1,92%,4,NE,18.4,0.08,Rain,Light Rain
2018,4,15,4/15/18,chi,2:51 AM,35.1,89%,4,NE,19.6,0.03,Rain,Light Rain
2018,4,15,4/15/18,chi,3:19 AM,35.1,89%,5,NE,20.7,0.01,Rain,Light Rain
2018,4,15,4/15/18,chi,3:51 AM,35.1,89%,5,NE,19.6,0.03,Rain,Light Rain
2018,4,15,4/15/18,chi,4:51 AM,35.1,89%,8,NE,17.3,0.04,Rain,Light Rain
2018,4,15,4/15/18,chi,5:51 AM,35.1,89%,5,NE,17.3,0.06,Rain,Light Rain
2018,4,15,4/15/18,chi,5:56 AM,34,92%,4,NE,18.4,0.01,Rain,Rain
2018,4,15,4/15/18,chi,6:51 AM,34,89%,6,ENE,15,0.08,Rain,Light Rain
2018,4,15,4/15/18,chi,7:08 AM,34,89%,4,ENE,19.6,0.02,Rain,Light Rain
2018,4,15,4/15/18,chi,7:51 AM,34,89%,4,ENE,17.3,0.05,Rain,Light Rain
2018,4,15,4/15/18,chi,8:51 AM,34,89%,4,ENE,19.6,0.11,Rain,Rain
2018,4,15,4/15/18,chi,9:51 AM,34,89%,4,NE,16.1,0.11,Rain,Rain
2018,4,15,4/15/18,chi,10:29 AM,34,89%,6,ENE,12.7,0.04,Rain,Rain
2018,4,15,4/15/18,chi,10:51 AM,34,89%,10,ENE,12.7,0.04,Rain,Light Rain
2018,4,15,4/15/18,chi,11:18 AM,34,89%,5,NE,10.4,0.01,Rain,Light Rain
2018,4,15,4/15/18,chi,11:51 AM,34,92%,5,NE,10.4,0.04,Rain,Light Rain
2018,4,15,4/15/18,chi,11:58 AM,35.1,89%,5,NE,10.4,0.01,Rain,Light Rain
2018,4,15,4/15/18,chi,12:05 PM,35.1,89%,3,NE,11.5,0.01,Rain,Light Rain
2018,4,15,4/15/18,chi,12:22 PM,35.1,92%,3,NE,11.5,0.01,Snow,Light Snow
2018,4,15,4/15/18,chi,12:51 PM,36,89%,4,NE,10.4,0.01,Snow,Light Snow
2018,4,15,4/15/18,chi,1:07 PM,36,89%,6,NE,10.4,0,,Light Drizzle
2018,4,15,4/15/18,chi,1:21 PM,36,89%,10,NNE,12.7,0,,Light Drizzle
2018,4,15,4/15/18,chi,1:51 PM,37,89%,10,NE,11.5,0,,Overcast
2018,4,15,4/15/18,chi,2:19 PM,37,89%,10,NE,11.5,0,Snow,Light Snow
2018,4,15,4/15/18,chi,2:51 PM,36,86%,8,NNE,9.2,0,Snow,Light Snow
2018,4,15,4/15/18,chi,3:07 PM,37,82%,8,NE,8.1,0,Snow,Light Drizzle
2018,4,15,4/15/18,chi,3:51 PM,36,86%,7,N,9.2,0,,Light Drizzle
2018,4,15,4/15/18,chi,4:51 PM,35.1,89%,7,N,11.5,0.01,Snow,Light Snow
2018,4,15,4/15/18,chi,5:16 PM,35.1,89%,6,NNW,12.7,0,Snow,Light Snow
2018,4,15,4/15/18,chi,5:41 PM,35.1,89%,5,NNW,13.8,0,Snow,Light Drizzle
2018,4,15,4/15/18,chi,5:51 PM,35.1,89%,5,NNW,10.4,0,Snow,Light Drizzle
2018,4,15,4/15/18,chi,5:54 PM,35.1,89%,2,NNW,10.4,0,Snow,Light Drizzle
2018,4,15,4/15/18,chi,6:41 PM,35.1,89%,3,NW,11.5,0,Snow,Light Drizzle
2018,4,15,4/15/18,chi,6:51 PM,35.1,89%,3,NNW,11.5,0,Snow,Light Snow
2018,4,15,4/15/18,chi,7:51 PM,34,85%,5,NNW,11.5,0,Snow,Light Drizzle
2018,4,15,4/15/18,chi,8:19 PM,33.1,89%,8,NW,12.7,0,Snow,Light Snow
2018,4,15,4/15/18,chi,8:51 PM,33.1,85%,10,NNW,12.7,0,Snow,Light Snow
2018,4,15,4/15/18,chi,9:32 PM,32,88%,4,NW,10.4,0.01,Snow,Light Snow
2018,4,15,4/15/18,chi,9:51 PM,30.9,89%,2.5,WNW,10.4,0.02,Snow,Light Snow
2018,4,15,4/15/18,chi,10:16 PM,30.9,85%,1.5,WNW,13.8,0.01,Snow,Light Snow
2018,4,15,4/15/18,chi,10:42 PM,30,88%,2.5,WNW,13.8,0.02,Snow,Light Snow
2018,4,15,4/15/18,chi,10:51 PM,30,88%,2.5,WNW,13.8,0.02,Snow,Light Snow
2018,4,15,4/15/18,chi,11:17 PM,28.9,89%,3,WNW,17.3,0,Snow,Light Snow
2018,4,15,4/15/18,chi,11:51 PM,28.9,82%,5,WNW,12.7,0,Snow,Light Snow
2018,4,16,4/16/18,chi,12:51 AM,28,85%,5,WNW,11.5,0.01,Snow,Light Snow
2018,4,16,4/16/18,chi,1:51 AM,28,81%,5,WNW,13.8,0,Snow,Light Snow
2018,4,16,4/16/18,chi,2:51 AM,28,81%,5,WNW,13.8,0,Snow,Light Snow
2018,4,16,4/16/18,chi,3:51 AM,28,81%,5,W,13.8,0,Snow,Light Snow
2018,4,16,4/16/18,chi,4:07 AM,27,85%,4,W,12.7,0,Snow,Light Snow
2018,4,16,4/16/18,chi,4:51 AM,27,85%,4,WNW,16.1,0,Snow,Light Snow
2018,4,16,4/16/18,chi,5:17 AM,28,78%,5,WNW,12.7,0,Snow,Light Snow
2018,4,16,4/16/18,chi,5:51 AM,28,81%,6,WNW,13.8,0,Snow,Light Snow
2018,4,16,4/16/18,chi,6:51 AM,28,81%,7,WNW,13.8,0,Snow,Light Snow
2018,4,16,4/16/18,chi,7:36 AM,28,81%,3,WNW,13.8,0,Snow,Light Snow
2018,4,16,4/16/18,chi,7:51 AM,28,81%,3,WNW,12.7,0,Snow,Light Snow
2018,4,16,4/16/18,chi,8:37 AM,28,81%,2.5,WNW,12.7,0,Snow,Light Snow
2018,4,16,4/16/18,chi,8:51 AM,28.9,78%,2,WNW,15,0,Snow,Light Snow
2018,4,16,4/16/18,chi,9:34 AM,28.9,78%,1.2,WNW,16.1,0.01,Snow,Light Snow
2018,4,16,4/16/18,chi,9:51 AM,28.9,78%,2,WNW,17.3,0.01,Snow,Light Snow
2018,4,16,4/16/18,chi,10:51 AM,30,75%,10,NW,15,0,,Overcast
2018,4,16,4/16/18,chi,11:51 AM,30.9,72%,10,WNW,16.1,,,Overcast
2018,4,16,4/16/18,chi,12:51 PM,32,73%,9,WNW,17.3,0,Snow,Light Snow
2018,4,16,4/16/18,chi,1:51 PM,33.1,70%,10,WNW,16.1,0,,Overcast
2018,4,16,4/16/18,chi,2:51 PM,33.1,70%,10,W,16.1,,,Overcast
2018,4,16,4/16/18,chi,3:33 PM,33.1,70%,10,WNW,16.1,,,Overcast
2018,4,16,4/16/18,chi,3:51 PM,34,67%,10,NW,16.1,,,Overcast
2018,4,16,4/16/18,chi,4:28 PM,34,64%,10,WNW,16.1,,,Overcast
2018,4,16,4/16/18,chi,4:51 PM,34,64%,10,WNW,15,,,Overcast
2018,4,16,4/16/18,chi,5:51 PM,34,64%,10,WNW,15,,,Overcast
2018,4,16,4/16/18,chi,6:51 PM,34,64%,10,W,15,,,Overcast
2018,4,16,4/16/18,chi,7:51 PM,34,64%,10,WNW,15,,,Overcast
2018,4,16,4/16/18,chi,8:51 PM,34,67%,10,WNW,17.3,0,Snow,Light Snow
2018,4,16,4/16/18,chi,9:51 PM,33.1,66%,9,WNW,13.8,0,Snow,Light Snow
2018,4,16,4/16/18,chi,10:51 PM,33.1,64%,9,WNW,15,0,Snow,Light Snow
2018,4,16,4/16/18,chi,11:51 PM,32,66%,9,WNW,13.8,0,Snow,Light Snow
2018,4,17,4/17/18,chi,12:51 AM,32,64%,10,W,12.7,0,,Overcast
2018,4,17,4/17/18,chi,1:51 AM,32,64%,10,WNW,11.5,,,Overcast
2018,4,17,4/17/18,chi,2:51 AM,30.9,64%,10,WNW,15,,,Overcast
2018,4,17,4/17/18,chi,3:51 AM,30,66%,10,WNW,11.5,,,Partly Cloudy
2018,4,17,4/17/18,chi,4:51 AM,30,69%,10,W,9.2,,,Mostly Cloudy
2018,4,17,4/17/18,chi,5:51 AM,30,69%,10,W,8.1,,,Mostly Cloudy
2018,4,17,4/17/18,chi,6:51 AM,30.9,67%,10,WNW,12.7,,,Mostly Cloudy
2018,4,17,4/17/18,chi,7:51 AM,30.9,64%,10,NW,20.7,,,Scattered Clouds
2018,4,17,4/17/18,chi,8:51 AM,33.1,59%,10,NW,21.9,,,Mostly Cloudy
2018,4,17,4/17/18,chi,9:51 AM,33.1,54%,10,NNW,19.6,,,Mostly Cloudy
2018,4,17,4/17/18,chi,10:51 AM,35.1,54%,10,NNW,18.4,,,Mostly Cloudy
2018,4,17,4/17/18,chi,11:51 AM,37,50%,10,NNW,16.1,,,Mostly Cloudy
2018,4,17,4/17/18,chi,12:51 PM,37.9,51%,10,NW,10.4,,,Mostly Cloudy
2018,4,17,4/17/18,chi,1:51 PM,39.9,47%,10,WNW,10.4,,,Mostly Cloudy
2018,4,17,4/17/18,chi,2:51 PM,41,45%,10,W,9.2,,,Scattered Clouds
2018,4,17,4/17/18,chi,3:51 PM,43,42%,10,NW,11.5,,,Scattered Clouds
2018,4,17,4/17/18,chi,4:51 PM,43,43%,10,WNW,6.9,,,Scattered Clouds
2018,4,17,4/17/18,chi,5:51 PM,43,42%,10,NNW,6.9,,,Partly Cloudy