,Compound,Date,Negative,Neutral,Positive,Tweet,Tweets Ago,User
0,0.8553,Wed Apr 11 21:22:08 +0000 2018,0.516,0.0,0.484,Congratulations to @RideKCTransit on their newly awarded grant for Bus Rapid Transit! https://t.co/BVuWJFGAMv,1,APTA_Transit
1,0.0,Tue Apr 10 21:36:02 +0000 2018,1.0,0.0,0.0,"RT @APTA_info: ‚ÄúIn late March, Congress appropriated $13.5 billion for public transit ‚Äì that‚Äôs the largest annual amount of federal #transi‚Ä¶",2,APTA_Transit
2,0.7717,Tue Apr 10 13:23:30 +0000 2018,0.675,0.0,0.325,Public transportation supports jobs in more ways than one.  It creates jobs by attracting investments near public t‚Ä¶ https://t.co/i5q7ao016s,3,APTA_Transit
3,0.0,Mon Apr 09 21:03:27 +0000 2018,1.0,0.0,0.0,https://t.co/iNuedb2jYw,4,APTA_Transit
4,0.0,Fri Apr 06 21:21:35 +0000 2018,1.0,0.0,0.0,https://t.co/zxMKT7Ulqs,5,APTA_Transit
5,0.4588,Thu Apr 05 18:59:20 +0000 2018,0.87,0.0,0.13,We applaud Congress for standing up for public transit &amp; increasing investment in its 2018 budget.  Keep it up for‚Ä¶ https://t.co/idyFHq3jOr,6,APTA_Transit
6,0.7003,Wed Apr 04 20:59:16 +0000 2018,0.734,0.0,0.266,#Publictransportation has long operated in communities large and small. It helps younger people save money and allo‚Ä¶ https://t.co/NNVk9KbnrZ,7,APTA_Transit
7,0.4199,Tue Apr 03 16:30:17 +0000 2018,0.823,0.0,0.177,#PublicTransit keeps America moving! Our public transportation #infrastructure supports mobility and independent li‚Ä¶ https://t.co/rlVX8DZd9J,8,APTA_Transit
8,0.0,Mon Apr 02 21:26:03 +0000 2018,1.0,0.0,0.0,https://t.co/1OBAhsKXmk,9,APTA_Transit
9,0.2732,Fri Mar 30 19:15:13 +0000 2018,0.884,0.0,0.116,DYK: Every $10 million in capital investment in #publictransportation yields $30 million in increased business sale‚Ä¶ https://t.co/ix72bvOhPv,10,APTA_Transit
10,0.3612,Thu Mar 29 21:44:52 +0000 2018,0.872,0.0,0.128,RT @APTA_Transit: A majority of Mayors surveyed stated affordable housing &amp; #publictransit were biggest needs to attract millennials. https‚Ä¶,11,APTA_Transit
11,0.0,Wed Mar 28 20:49:40 +0000 2018,1.0,0.0,0.0,https://t.co/2hnpyifjwG,12,APTA_Transit
12,0.8591,Tue Mar 27 21:39:46 +0000 2018,0.612,0.0,0.388,Congratulations to friend of transit @RepBonnie Watson Coleman on one of her infrastructure security bills being se‚Ä¶ https://t.co/We0lhJbLYO,13,APTA_Transit
13,0.0772,Fri Mar 23 18:56:45 +0000 2018,0.741,0.122,0.138,We‚Äôre at a critical juncture for #publictransportation funding. We need Congress to protect public transit funding.‚Ä¶ https://t.co/XFYofebh8y,14,APTA_Transit
14,0.0,Thu Mar 22 15:15:10 +0000 2018,1.0,0.0,0.0,"Public transportation connects communities, benefiting riders and non-riders alike. Congress must include public tr‚Ä¶ https://t.co/sWt1E1BRqp",15,APTA_Transit
15,-0.1027,Wed Mar 21 15:15:11 +0000 2018,0.92,0.08,0.0,Using public transportation funding to pay for other infrastructure projects will set our nation‚Äôs transportation i‚Ä¶ https://t.co/ayiH7R4fE3,16,APTA_Transit
16,0.802,Tue Mar 20 19:38:28 +0000 2018,0.725,0.0,0.275,"RT @repblumenauer: Glad to be a part of the @APTA_Transit Legislative Conference. One of the best ways to reduce carbon emissions, increase‚Ä¶",17,APTA_Transit
17,0.0772,Tue Mar 20 14:28:56 +0000 2018,0.933,0.0,0.067,"""If the federal government moves toward VMT then states will likely follow and want to keep things simple.""‚Ä¶ https://t.co/SZxImUIrwP",18,APTA_Transit
18,0.0,Tue Mar 20 14:13:25 +0000 2018,1.0,0.0,0.0,"""Who would invest all their money into one stock? Right now we rely only on gas to fund our infrastructure."" Rep.‚Ä¶ https://t.co/NqxfgwXL2y",19,APTA_Transit
19,0.2023,Tue Mar 20 14:07:02 +0000 2018,0.878,0.0,0.122,"""Transit and mass transit are important to my district and my constituents."" Rep. @RodneyDavis",20,APTA_Transit
20,0.1521,Tue Mar 20 13:52:05 +0000 2018,0.885,0.0,0.115,"""People say they shouldn't pay for transit they don't ride, do they want all those people off buses/trains and in c‚Ä¶ https://t.co/umc2CZg0Gi",21,APTA_Transit
21,0.6705,Tue Mar 20 13:49:42 +0000 2018,0.686,0.0,0.314,"""We need you advocacy and your support to make progress on #transit."" @RepPeterDeFazio https://t.co/vqe1Ri2MR4",22,APTA_Transit
22,0.0,Tue Mar 20 13:45:11 +0000 2018,1.0,0.0,0.0,"""93% of transit programs move quickly, the biggest impediment is continuity of funding."" @RepPeterDeFazio https://t.co/SIYcLtqtyy",23,APTA_Transit
23,0.4404,Tue Mar 20 13:20:49 +0000 2018,0.884,0.0,0.116,"""I hope when you talk to your member of Congress, you testify to the impact and the need for #publictransit in Amer‚Ä¶ https://t.co/1H2lzniBqi",24,APTA_Transit
24,0.7964,Tue Mar 20 13:11:14 +0000 2018,0.728,0.0,0.272,"""We need a program to fund infrastructure programs, which are the best way to put Americans into good living wage j‚Ä¶ https://t.co/8aKVyjErTU",25,APTA_Transit
25,0.4019,Tue Mar 20 13:08:29 +0000 2018,0.699,0.092,0.21,"""The Adminstration tried to cut TIGER grants. Thanks to the leadership in Congress and your work they remain.""‚Ä¶ https://t.co/Eb8SVKrkKP",26,APTA_Transit
26,-0.128,Tue Mar 20 13:00:47 +0000 2018,0.914,0.086,0.0,"""The Adminstration plan invests $200 billion into some infrastructure while cutting $360 billion from other infrast‚Ä¶ https://t.co/oNjyzJFLuN",27,APTA_Transit
27,-0.7089,Tue Mar 20 12:55:58 +0000 2018,0.671,0.329,0.0,"""I've been especially frustrated with the cuts to CIG and TIGER grants."" @SenJackReed https://t.co/IjM55vR5gp",28,APTA_Transit
28,0.6115,Mon Mar 19 15:40:26 +0000 2018,0.75,0.0,0.25,"""Capital Investment Grants would be used to make more efficient connections to Downtown Pittsburgh and neighborhood‚Ä¶ https://t.co/ZV2UZYcAvb",29,APTA_Transit
29,0.0,Mon Mar 19 15:24:49 +0000 2018,1.0,0.0,0.0,"...in the nation. They reasonably expect the continuation of the longtime Federal funding partnership.""‚Ä¶ https://t.co/LcmC8oCei0",30,APTA_Transit
30,0.5256,Mon Mar 19 15:16:23 +0000 2018,0.848,0.0,0.152,"""Puget Sound taxpayers have done their part keeping commuters &amp; our econ. moving w/the most ambitious transit expansion program... 1/2",31,APTA_Transit
31,0.2732,Mon Mar 19 15:09:13 +0000 2018,0.813,0.067,0.12,"""Trying to fund infrastructure investment by taking money from #publictransit is like robbing Peter to pay Paul."" P‚Ä¶ https://t.co/VK6ndRTnKH",32,APTA_Transit
32,0.4404,Mon Mar 19 15:01:13 +0000 2018,0.847,0.0,0.153,"""I look forward to our continued relationship to make #publictransit better and safer."" Acting @FTA_DOT Adminstrato‚Ä¶ https://t.co/i5lOD4Lgt0",33,APTA_Transit
33,0.6597,Mon Mar 19 14:14:43 +0000 2018,0.735,0.0,0.265,RT @ChamberMoves: Appreciate support from @APTA_Transit CEO Paul Skoutelas for working with @USChamber to modernize America‚Äôs infrastructur‚Ä¶,34,APTA_Transit
34,0.0,Mon Mar 19 13:31:08 +0000 2018,1.0,0.0,0.0,"""Putting $ into infrastructure isn't spending it's investment. The Hoover Dam was finished in '33 &amp; still provides‚Ä¶ https://t.co/nKivOTDVQS",35,APTA_Transit
35,0.0,Mon Mar 19 13:21:53 +0000 2018,1.0,0.0,0.0,"""If I was to give you a charge, go out and tell people we need a real transportation bill."" @GovEdRendell https://t.co/584MEoZavq",36,APTA_Transit
36,0.0572,Mon Mar 19 13:18:58 +0000 2018,0.936,0.0,0.064,"""We haven't had serious infrastructure revitalization prog. since Eisenhower. We could go from D- to B- w/serious i‚Ä¶ https://t.co/vZa9kC0fva",37,APTA_Transit
37,0.4215,Mon Mar 19 13:03:11 +0000 2018,0.823,0.0,0.177,"""We are making progress, we know the state of American infrastructure is woeful."" @GovEdRendell",38,APTA_Transit
38,0.8591,Fri Mar 16 20:03:02 +0000 2018,0.655,0.0,0.345,March 18th is Transit Driver Appreciation Day. This weekend is the perfect time to thank your bus drivers and train‚Ä¶ https://t.co/mjAickhT4E,39,APTA_Transit
39,0.0,Thu Mar 15 22:22:02 +0000 2018,1.0,0.0,0.0,The March Transit Savings Report shows continued savings for #publictransit riders. https://t.co/f9C81LzlFc,40,APTA_Transit
40,0.7184,Wed Mar 14 21:33:12 +0000 2018,0.714,0.0,0.286,"DYK: Across the country, public support for #publictransportation investment and expansion is strong. Over the last‚Ä¶ https://t.co/ykU4RW6JbI",41,APTA_Transit
41,0.0,Tue Mar 13 21:44:39 +0000 2018,1.0,0.0,0.0,RT @APTA_info: ‚ÄúPublic transit needs federal funding to be reliable and modern‚Ä¶ The Administration proposal to move dollars away from publi‚Ä¶,42,APTA_Transit
42,0.3818,Fri Mar 09 22:51:14 +0000 2018,0.88,0.0,0.12,"DYK: Since 1995, #publictransit trips are up 34 percent, outpacing population growth, which is up 21 percent, and v‚Ä¶ https://t.co/ChTT4TEbwZ",43,APTA_Transit
43,0.0,Thu Mar 08 22:52:38 +0000 2018,1.0,0.0,0.0,https://t.co/YBNHIXUcRB,44,APTA_Transit
44,-0.296,Wed Mar 07 20:46:26 +0000 2018,0.68,0.189,0.131,#Naturaldisasters and weather events can wreak havoc on a community. We appreciate @theNASEM and @NASEMTRB studies‚Ä¶ https://t.co/abV10YRLqL,45,APTA_Transit
45,0.3182,Tue Mar 06 23:18:02 +0000 2018,0.659,0.128,0.212,"When the weather turns bad is a good time to turn to #publictransportation. Of course, any time is a good time for‚Ä¶ https://t.co/a5WT5ehrIU",46,APTA_Transit
46,0.0,Mon Mar 05 22:02:43 +0000 2018,1.0,0.0,0.0,Did you know that living with one less car and taking #publictransit in a two-person household in Las Vegas could s‚Ä¶ https://t.co/yDbemA8Ol9,47,APTA_Transit
47,0.1779,Wed Feb 28 21:54:33 +0000 2018,0.914,0.0,0.086,There is a growing need for expanded #publictransit. Communities are building for the future with an eye toward pub‚Ä¶ https://t.co/Ijqoc2r3nj,48,APTA_Transit
48,0.7269,Wed Feb 28 21:51:56 +0000 2018,0.567,0.0,0.433,RT @CMT_STL: Transit positively impacts property values #puttransit2work #MOneeds2invest https://t.co/4xMpWV8wMl,49,APTA_Transit
49,0.0,Tue Feb 27 23:31:43 +0000 2018,1.0,0.0,0.0,https://t.co/n7XteQXh6o,50,APTA_Transit
50,0.743,Mon Feb 26 22:21:20 +0000 2018,0.673,0.0,0.327,"When you expand the footprint of #publictransit in your community, property values in those service areas increase. https://t.co/NEHvQFukl7",51,APTA_Transit
51,0.0,Fri Feb 23 22:32:57 +0000 2018,1.0,0.0,0.0,"Transit Fact Friday: The US rural population declined by more than 500k people, but small town and rural‚Ä¶ https://t.co/gT19M2S750",52,APTA_Transit
52,0.0772,Thu Feb 22 22:44:10 +0000 2018,0.939,0.0,0.061,"DYK: From 2001 to 2009, the number of passenger-miles traveled per capita by 16 to 34 year-olds on #publictransit i‚Ä¶ https://t.co/iKIxoHH89q",53,APTA_Transit
53,0.4199,Thu Feb 22 22:41:47 +0000 2018,0.798,0.0,0.202,RT @ChamberMoves: We agree!  Federal investment needed to modernize public transportation https://t.co/2bXl7EYlI8,54,APTA_Transit
54,0.7088,Wed Feb 21 22:30:12 +0000 2018,0.718,0.0,0.282,#PublicTransportation is an economic engine for U.S. communities! It supports #jobs by attracting investment near t‚Ä¶ https://t.co/ruFPzK9xWg,55,APTA_Transit
55,0.0,Wed Feb 21 22:20:57 +0000 2018,1.0,0.0,0.0,"In the February Transit Savings Report we see living with one less car in a two-person household in Denver, CO coul‚Ä¶ https://t.co/P0JkOx3ITQ",56,APTA_Transit
56,0.0,Thu Feb 15 21:57:35 +0000 2018,1.0,0.0,0.0,https://t.co/r9XgRk4oLT,57,APTA_Transit
57,0.3612,Wed Feb 14 22:24:17 +0000 2018,0.884,0.0,0.116,"We agree with the @USChamber , we must invest in American infrastructure and this would go a long way toward repair‚Ä¶ https://t.co/NFCvWf5lRh",58,APTA_Transit
58,0.784,Wed Feb 14 22:01:00 +0000 2018,0.761,0.0,0.239,RT @PaceSuburbanBus: Know anyone who met on a bus and fell in love? Let us know! @RTA_Chicago shared the story of our own employees Maggie‚Ä¶,59,APTA_Transit
59,0.6369,Tue Feb 13 23:06:58 +0000 2018,0.776,0.0,0.224,RT @APTA_info: Public transit's $90 billion backlog of state of good repair work requires a bipartisan solution and expanded federal suppor‚Ä¶,60,APTA_Transit
60,0.0,Tue Feb 13 22:13:06 +0000 2018,1.0,0.0,0.0,The Trump Infrastructure Plan is taking funds from #publictransit and putting needed planned expansion and repairs‚Ä¶ https://t.co/xaHAiqsP4t,61,APTA_Transit
61,-0.6369,Mon Feb 12 22:45:30 +0000 2018,0.679,0.321,0.0,The Trump Infrastructure Plan has proposed cuts to #publictransit. This is unacceptable. https://t.co/9y5TqD2RHA,62,APTA_Transit
62,0.0,Mon Feb 12 16:27:29 +0000 2018,1.0,0.0,0.0,RT @tpap_: About 4 times an hour in the peak 600+ Silicon Valley @Caltrain commuters not on the 101 highway. https://t.co/bb1ceFNgt3,63,APTA_Transit
63,0.0,Fri Feb 09 22:02:46 +0000 2018,1.0,0.0,0.0,#Publictransit drives our economy. Kansas City is considering implementing new bus routes specifically because ther‚Ä¶ https://t.co/BgrxWxiGve,64,APTA_Transit
64,0.4472,Wed Feb 07 22:18:14 +0000 2018,0.86,0.0,0.14,Riding #publictransit and living with one less car could save a two-person household in Pittsburgh $819 per month o‚Ä¶ https://t.co/a4xtcIknEM,65,APTA_Transit
65,0.1139,Wed Feb 07 22:13:07 +0000 2018,0.922,0.0,0.078,"RT @barbchamberlain: ""Those who use public transit don't miss driving."" -Richard White, @APTA_Transit.  Convenience + cost savings = 6 in 1‚Ä¶",66,APTA_Transit
66,0.4215,Tue Feb 06 22:18:10 +0000 2018,0.588,0.0,0.412,#Publictransit makes communities safer. https://t.co/bcUCdWrm1s,67,APTA_Transit
67,0.0,Mon Feb 05 21:38:59 +0000 2018,1.0,0.0,0.0,"#Publictransit is a $57 billion industry that puts people to work ‚Äì directly employing nearly 400,000 people and cr‚Ä¶ https://t.co/K2es580RDA",68,APTA_Transit
68,0.743,Mon Feb 05 21:38:25 +0000 2018,0.76,0.0,0.24,"RT @VIA_Transit: Honoring civil rights leader #RosaParks today, her 105th birthday, and every day with a seat on each VIA bus dedicated to‚Ä¶",69,APTA_Transit
69,-0.296,Sat Feb 03 17:37:24 +0000 2018,0.804,0.196,0.0,Avoid drinking and driving this #SuperBowl weekend.  Take #publictransit. https://t.co/raas8kXKqQ,70,APTA_Transit
70,0.0,Fri Feb 02 21:49:19 +0000 2018,1.0,0.0,0.0,"For many Americans, if they don't have #publictransit they don't get out of their home. Disabled veteran Jim Jendry‚Ä¶ https://t.co/AGh5LSubmu",71,APTA_Transit
71,0.0,Thu Feb 01 22:45:24 +0000 2018,1.0,0.0,0.0,"The Tupelo City Council is considering a fixed-route #publictransportation system in the city. Today, the‚Ä¶ https://t.co/lOfQQc9xfR",72,APTA_Transit
72,0.0,Wed Jan 31 22:12:11 +0000 2018,1.0,0.0,0.0,https://t.co/ZlgDKCRtfB,73,APTA_Transit
73,-0.2732,Wed Jan 31 03:55:42 +0000 2018,0.811,0.189,0.0,Concerned infrastructure proposal may cut funding for public #transit. https://t.co/cuQyLOpayQ,74,APTA_Transit
74,0.0,Tue Jan 30 22:33:09 +0000 2018,1.0,0.0,0.0,"RT @APTA_info: Public transportation is an integral part of America‚Äôs infrastructure. Of all public #transit riders, 71% are employed worke‚Ä¶",75,APTA_Transit
75,0.7506,Mon Jan 29 21:53:51 +0000 2018,0.748,0.0,0.252,Living with one less car and taking #publictransit can save you big. You could save $825 on average each month. https://t.co/z404XEnL4b,76,APTA_Transit
76,-0.296,Fri Jan 26 22:33:52 +0000 2018,0.855,0.145,0.0,APTA opposes cuts to #publictransit to fund other parts of an infrastructure initiative. https://t.co/3ejqjqsrRE,77,APTA_Transit
77,0.8519,Thu Jan 25 22:22:47 +0000 2018,0.696,0.0,0.304,Here are some great unspoken rules from #publictransit around the world. The best unspoken rule of riding the bus o‚Ä¶ https://t.co/B3vpnnKJUO,78,APTA_Transit
78,0.2023,Wed Jan 24 22:22:56 +0000 2018,0.886,0.0,0.114,America's infrastructure is deteriorating. This @CSMonitor article finds that with significant investment the avera‚Ä¶ https://t.co/UIxTkC65X6,79,APTA_Transit
79,0.0,Wed Jan 24 16:22:49 +0000 2018,1.0,0.0,0.0,RT @APTA_info: Seventy-two percent of voters say the U.S. Government should invest more in transportation infrastructure. #RebuildNow #Tran‚Ä¶,80,APTA_Transit
80,0.4199,Wed Jan 24 16:21:25 +0000 2018,0.763,0.0,0.237,RT @ChamberMoves: We agree.  Time to get to work! https://t.co/cKEw1NJi9a,81,APTA_Transit
81,0.2732,Mon Jan 22 23:19:14 +0000 2018,0.884,0.0,0.116,DYK: Every $10 million in capital investment in #publictransportation yields $30 million in increased business sale‚Ä¶ https://t.co/oMyZPiyf7b,82,APTA_Transit
82,0.0,Fri Jan 19 14:54:12 +0000 2018,1.0,0.0,0.0,The January Transit Savings Report shows continued savings when living with one less car and taking #publictransit.‚Ä¶ https://t.co/gbhq9lO7Qk,83,APTA_Transit
83,0.2263,Thu Jan 18 22:36:18 +0000 2018,0.856,0.054,0.089,"RT @JDwithTW: The @USChamber proposes a 25 cent per gallon gas tax increase to pay for #infrastructure. Either 5¬¢/yr for 5 yrs, or all at o‚Ä¶",84,APTA_Transit
84,0.0,Thu Jan 18 20:16:31 +0000 2018,1.0,0.0,0.0,72% of voters say the U.S. Government should invest more in transportation infrastructure #RebuildNow #publictransit https://t.co/iGXL8YylR4,85,APTA_Transit
85,0.0,Thu Jan 18 14:48:00 +0000 2018,1.0,0.0,0.0,Let‚Äôs move our nation forward by modernizing our infrastructure. #publictransit #RebuildNow,86,APTA_Transit
86,0.4199,Thu Jan 18 14:47:22 +0000 2018,0.823,0.0,0.177,RT @ChamberMoves: We are ready to roll!  Time to modernize America‚Äôs infrastructure #rebuildNow https://t.co/dDjpMR8IFM,87,APTA_Transit
87,0.0,Wed Jan 17 21:55:39 +0000 2018,1.0,0.0,0.0,RT @APTA_info: Suburban Georgia and Atlanta voted for more public #transit and @MARTASERVICE. The Feds also need to do more for US infrastr‚Ä¶,88,APTA_Transit
88,0.0,Tue Jan 16 22:52:03 +0000 2018,1.0,0.0,0.0,https://t.co/uXCCCoH63e,89,APTA_Transit
89,0.5267,Fri Jan 12 15:52:18 +0000 2018,0.848,0.0,0.152,"People sitting quietly, enjoying a ride out of the rain. A bicycle for before and after your train ride... Looks li‚Ä¶ https://t.co/ju6AvhkOnM",90,APTA_Transit
90,0.8353,Fri Jan 12 15:50:02 +0000 2018,0.681,0.0,0.319,RT @benmiller907: My fondness for public transit is well known and documented in the local newspaper! I've met some really interesting peop‚Ä¶,91,APTA_Transit
91,0.0,Fri Jan 12 15:20:01 +0000 2018,1.0,0.0,0.0,"Liam Neeson's commute isn't normal, but these students have it down. Take a selfie to show your commute. Use‚Ä¶ https://t.co/3XYbZhwGCJ",92,APTA_Transit
92,0.6249,Thu Jan 11 19:34:21 +0000 2018,0.779,0.0,0.221,Hollywood has probably never made an action movie about your commute. We think that's a good thing. Share a photo o‚Ä¶ https://t.co/mhnnkpXGLl,93,APTA_Transit
93,0.6476,Wed Jan 10 22:16:54 +0000 2018,0.763,0.0,0.237,Do you travel like like a millennial? Take our travel quiz to see how your travel habits match up! https://t.co/HCTTIh6Jde,94,APTA_Transit
94,0.0,Wed Jan 10 22:13:44 +0000 2018,1.0,0.0,0.0,"RT @APTA_info: Public #transit is a $68 billion dollar industry that employs more than 400,000 people. #TransitFundingTuesday https://t.co/‚Ä¶",95,APTA_Transit
95,0.5411,Tue Jan 09 16:45:55 +0000 2018,0.83,0.0,0.17,"Living with one less car and taking #publictransit in Chicago, IL could save you $11,688 per year! https://t.co/D7R2gNXiCc",96,APTA_Transit
96,0.7324,Mon Jan 08 22:15:45 +0000 2018,0.755,0.0,0.245,"Dunkirk, France thought #publictransit was so vital to the fabric of their community that they made it free to attr‚Ä¶ https://t.co/d5dlGMxvKs",97,APTA_Transit
97,0.0,Fri Jan 05 23:08:11 +0000 2018,1.0,0.0,0.0,It is another Transit Fact Friday! Did you know for every $1 communities invest in #publictransit approximately $4‚Ä¶ https://t.co/cb6BPKhTpH,98,APTA_Transit
98,0.0,Thu Jan 04 22:37:22 +0000 2018,1.0,0.0,0.0,https://t.co/FIYOJZIsVO,99,APTA_Transit
99,0.0,Wed Jan 03 21:48:06 +0000 2018,1.0,0.0,0.0,Omaha is looking to their future transportation infrastructure needs with an eye towards #publictransportation. Inc‚Ä¶ https://t.co/nQMm9fgGG3,100,APTA_Transit
100,0.25,Wed Apr 11 10:16:00 +0000 2018,0.818,0.0,0.182,Are we going to become Immortal ? ‚Äì Koen Kas ‚Äì Medium https://t.co/PX0X6zosZZ,1,BART
101,0.0,Wed Apr 11 08:38:03 +0000 2018,1.0,0.0,0.0,‚ÄúXiaopeng is among startups striving to become China‚Äôs Tesla Inc. and reshape the auto industry as the Asian countr‚Ä¶ https://t.co/YeYuVVcNBr,2,BART
102,0.4215,Wed Apr 11 08:26:24 +0000 2018,0.887,0.0,0.113,"RT @EITHealth: ""It has been  estimated that around EUR 500 billion could be saved by more extensive #BigData use in healthcare systems over‚Ä¶",3,BART
103,0.3612,Wed Apr 11 06:48:37 +0000 2018,0.884,0.0,0.116,"RT @dhealthtoday: Hot off the press: episode #059 with @martykelly on the importance of networks in collaborating with entrepreneurs, innov‚Ä¶",4,BART
104,-0.3818,Wed Apr 11 06:46:21 +0000 2018,0.89,0.11,0.0,RT @HackBelgium: In the developing world we face a new battle as our healthcare services are ill-equipped to deal with rapidly changing hea‚Ä¶,5,BART
105,0.0258,Tue Apr 10 22:05:21 +0000 2018,0.779,0.108,0.113,"RT @artsylady: #Zuckerberg hearing in Congress making one thing clear. Elected officials mostly clueless how technology even works, yet don‚Ä¶",6,BART
106,0.8176,Tue Apr 10 20:12:22 +0000 2018,0.727,0.0,0.273,"RT @jorgejuan: Indeed, this article and this whiteboard are a great source of information and inspiration for those who are in the business‚Ä¶",7,BART
107,0.0,Tue Apr 10 16:31:29 +0000 2018,1.0,0.0,0.0,"RT @gloriazaionz: .@burtonbartijn uses Twitter to connect and consult with patients, tapping into the connective power of social networks.‚Ä¶",8,BART
108,0.0772,Tue Apr 10 16:18:30 +0000 2018,0.942,0.0,0.058,RT @HackBelgium: Put the sound on and hear @kaskoen CEO of @Healthskouts talking about the Challenge he will curate at #HackBelgium: ‚òÖ Sick‚Ä¶,9,BART
109,0.5093,Tue Apr 10 11:39:35 +0000 2018,0.845,0.0,0.155,RT @ElsevierCS: Calling all digital health innovators! Nominations are open for the 2nd HIMSS-ELSEVIER Digital Innovators Awards are open.‚Ä¶,10,BART
110,-0.3415,Tue Apr 10 11:38:50 +0000 2018,0.639,0.207,0.154,RT @HackBelgium: Would you like to live forever? @kaskoen - 'Sick No More' Challenge Curator at #HackBelgium 2018 and CEO at @Healthskouts‚Ä¶,11,BART
111,0.0,Tue Apr 10 10:16:00 +0000 2018,1.0,0.0,0.0,HIMSS Europe Future50 list of digital healthcare leaders revealed https://t.co/geSu2ZIRvX,12,BART
112,0.75,Tue Apr 10 09:01:00 +0000 2018,0.654,0.0,0.346,"RT @dloeckx: Join &gt;50 enthusiasts like you, three days left to pre-order!¬† @wrepihunter #epilepsy¬†#indiegogo¬†#betech https://t.co/6pCufjcn9‚Ä¶",13,BART
113,0.0,Tue Apr 10 08:38:00 +0000 2018,1.0,0.0,0.0,Podcast: A Chef‚Äôs Journey To The Intersection Of Virtual/Augmented Reality &amp; Food https://t.co/yhpQBLwPAP,14,BART
114,0.3612,Tue Apr 10 07:05:01 +0000 2018,0.839,0.0,0.161,How Big Is the Gap Between 'Ready Player One' and Current VR Tech? https://t.co/j82XYHQCmC,15,BART
115,0.0,Tue Apr 10 06:30:49 +0000 2018,1.0,0.0,0.0,RT @sdecleyn: Nu ook taxshelter voor investeringen in #scaleups! https://t.co/zHNQp2aVw2 Nieuwe stap voor het #BeTech ecosysteem! @imecVent‚Ä¶,16,BART
116,-0.296,Tue Apr 10 05:39:02 +0000 2018,0.694,0.306,0.0,The Scientific Paper Is Obsolete https://t.co/qdlgnV7TvR,17,BART
117,0.4588,Mon Apr 09 22:52:00 +0000 2018,0.7,0.0,0.3,The 2018 World Changing Ideas Awards Finalists https://t.co/YsL4BnRVC8,18,BART
118,0.4939,Mon Apr 09 21:36:02 +0000 2018,0.775,0.0,0.225,Leap Motion designed a $100 augmented reality headset with super-powerful hand tracking https://t.co/J5xPU9Nevp,19,BART
119,0.4995,Mon Apr 09 19:21:46 +0000 2018,0.861,0.0,0.139,RT @CTillekaerts: Nieuw record voor Vlaamse #export in 2017. Schitterend nieuws voor onze economie. De komende jaren zet FIT met @FlandersT‚Ä¶,20,BART
120,0.0,Mon Apr 09 12:02:01 +0000 2018,1.0,0.0,0.0,This mind-reading VR headset already knows which way you‚Äôll swipe on Tinder https://t.co/SqAOaDVmbd,21,BART
121,0.0,Mon Apr 09 10:16:00 +0000 2018,1.0,0.0,0.0,3 Reasons I‚Äôm Going To My First #Hackathon - Hack Belgium https://t.co/YRvfgSG372,22,BART
122,0.7227,Mon Apr 09 07:07:31 +0000 2018,0.707,0.0,0.293,"@mHealthInsight true, but millions of new jobs will be created as well. Same as with introduction of steam engine,‚Ä¶ https://t.co/oWZCHMtaG0",23,BART
123,0.5267,Sun Apr 08 21:15:28 +0000 2018,0.825,0.0,0.175,RT @daniel_kraft: Nurses as Champions for Change with #EntrepreNurse Shawna Butler RN   @CleverThought #Nursing #xMed #NursesIncluded https‚Ä¶,24,BART
124,0.4404,Sun Apr 08 15:02:35 +0000 2018,0.805,0.0,0.195,RT @Atul_Gawande: Useful explainer of the day: what is gene editing. @statnews https://t.co/7B9WKouNzr,25,BART
125,0.5106,Sun Apr 08 14:59:23 +0000 2018,0.864,0.0,0.136,RT @elonmusk: Nothing will affect the future of humanity more than digital super-intelligence. Watch Chris Paine‚Äôs new AI movie for free un‚Ä¶,26,BART
126,0.0,Sun Apr 08 13:26:55 +0000 2018,1.0,0.0,0.0,RT @lucienengelen: Raak artikel van @rikvera https://t.co/WrsYky3zu8,27,BART
127,0.3182,Sun Apr 08 12:59:48 +0000 2018,0.723,0.0,0.277,Will increase even more with #unholyalliances https://t.co/ZxH7fNpYkf,28,BART
128,0.0,Fri Apr 06 21:36:02 +0000 2018,1.0,0.0,0.0,This VR Exhibit Lets the Visually Impaired Touch Art - VRScout https://t.co/BCcmBU6wtn,29,BART
129,-0.3818,Thu Apr 05 21:36:00 +0000 2018,0.874,0.126,0.0,#AR for disarmament of bombs &gt; U.S. Army Begins Using AR to Locate Mines on the Battlefield - VRScout https://t.co/Ibtc5An4CJ,30,BART
130,0.0516,Thu Apr 05 12:02:00 +0000 2018,0.594,0.248,0.158,Doctors shortage + demand &gt; Millennials demand telehealth in a move away from traditional primary care model https://t.co/BXgeTjxiiF,31,BART
131,0.5859,Thu Apr 05 10:16:00 +0000 2018,0.756,0.0,0.244,I want to know that number with VIRTUAL visits &gt; GP visits to care homes reduce hospital admissions by nearly 40% https://t.co/iPhy6DpXKw,32,BART
132,0.6249,Thu Apr 05 08:38:00 +0000 2018,0.702,0.0,0.298,"With $45 million of new capital, Virta is ready to accelerate its growth https://t.co/CodCi1vUWE",33,BART
133,0.0,Wed Apr 04 19:53:31 +0000 2018,1.0,0.0,0.0,"RT @KarenOpdecam: The 5th Conference on Digital Health, June 14th. Get your early bird ticket now on  https://t.co/3TZqfu6GDN @stadantwerpe‚Ä¶",34,BART
134,0.7506,Wed Apr 04 19:12:01 +0000 2018,0.584,0.0,0.416,Virtual Health Care Could Save the U.S. Billions Each Year https://t.co/qQpGbRwPTs,35,BART
135,0.0,Wed Apr 04 16:39:27 +0000 2018,1.0,0.0,0.0,RT @Health2eu: #digitalhealth SMEs... are you after some funding and polishing up your pitching skills? Apply to the #ec2vc pitch competiti‚Ä¶,36,BART
136,0.0,Wed Apr 04 16:18:57 +0000 2018,1.0,0.0,0.0,"RT @stevenkrein: Funding in #digitalhealth is NOT slowing down in 2018! The @startuphealth insights report tracked $2.8B in funding in Q1,‚Ä¶",37,BART
137,-0.0941,Wed Apr 04 15:47:54 +0000 2018,0.576,0.218,0.205,Wouldn't be surprised @nickisnpdx is involved ;) &gt; Win a Pink Deadpool Suit and Send a Big F-You to Cancer -‚Ä¶ https://t.co/R61oONBmnb,38,BART
138,0.6369,Wed Apr 04 14:50:06 +0000 2018,0.755,0.0,0.245,The Data Innovation Summit will be held at ULB Solbosch on June 27 2018 Data Innovation Summit https://t.co/4IVQuI5SFy,39,BART
139,0.0,Mon Apr 02 08:25:34 +0000 2018,1.0,0.0,0.0,#pinksocks Life @ Val-d'Is√®re https://t.co/Kma528nW15,40,BART
140,0.0,Sat Mar 31 08:55:11 +0000 2018,1.0,0.0,0.0,RT @In4Care: Medische @StartupsBe @startitkbc zoeken eerder klanten dan kapitaal? Ook op zoek naar een relevant netwerk en directe toegang‚Ä¶,41,BART
141,-0.4201,Fri Mar 30 22:27:43 +0000 2018,0.877,0.123,0.0,"""And most disruption comes from other industries than yours."" &gt; Which is the topic of my upcoming article in ICT&amp;@i‚Ä¶ https://t.co/YCK09iBUIv",42,BART
142,0.5267,Fri Mar 30 21:36:01 +0000 2018,0.761,0.0,0.239,Straight out of RPO &gt; High Fidelity and NeoSensory launch Ready Player One-style Haptic Jacket https://t.co/1QVu7ZAfRW,43,BART
143,0.5766,Fri Mar 30 19:10:22 +0000 2018,0.349,0.0,0.651,#unholyalliances FTW https://t.co/2tVsI8aZTI,44,BART
144,0.0,Fri Mar 30 16:56:45 +0000 2018,1.0,0.0,0.0,"RT @houbeng: @bart @cubigo @lyft It is about the same round, which was not yet announced / picked up in the US. The news was more about the‚Ä¶",45,BART
145,0.0,Fri Mar 30 16:19:51 +0000 2018,1.0,0.0,0.0,"June 14, Antwerp : ‚ÄúAs part of the general conference a specific invite-only 'Investor Track' will be hosted. Up to‚Ä¶ https://t.co/qyqdG7sNeb",46,BART
146,0.0,Fri Mar 30 15:54:41 +0000 2018,1.0,0.0,0.0,Opnieuw waarschuwing voor een ‚Äòtourist trap‚Äô . Ditmaal de autoluwe zone markt Lier https://t.co/N4krLchu6U,47,BART
147,0.0,Fri Mar 30 15:18:57 +0000 2018,1.0,0.0,0.0,"RT @BrianRoemmele: Adoption of #VoiceFirst in relationship to other technology.

Nothing has been faster in the history of technology.

Not‚Ä¶",48,BART
148,0.0,Fri Mar 30 15:09:24 +0000 2018,1.0,0.0,0.0,RT @bhiccare: Bekijk hier de #1minutepitch van @LynxCare. Deze start-up biedt inzicht in kwaliteitsindicatoren met artifici√´le intelligenti‚Ä¶,49,BART
149,0.0,Fri Mar 30 13:27:15 +0000 2018,1.0,0.0,0.0,@in4care @DeClercqLuc https://t.co/qOOeLgGzPe,50,BART
150,0.0,Fri Mar 30 11:11:57 +0000 2018,1.0,0.0,0.0,RT @dhealthtoday: Digital health SME‚Äôs! Still not too late to apply to  speak on @health2eu main stage and have change to showcase your sol‚Ä¶,51,BART
151,0.0,Fri Mar 30 11:11:20 +0000 2018,1.0,0.0,0.0,RT @JonahComstock: Breaking: Apple Health Records launches out of beta with 39 hospitals https://t.co/p5koduQ5OT,52,BART
152,0.0,Fri Mar 30 11:08:43 +0000 2018,1.0,0.0,0.0,#unholyalliances told you! &gt; Walmart in Early-Stage Acquisition Talks With Humana https://t.co/wC8qeCwR46,53,BART
153,0.3612,Fri Mar 30 08:13:53 +0000 2018,0.906,0.0,0.094,"RT @bnox: I like many things about the 3-day @HackBelgium event, which is why I‚Äôm volunteering again to be one of their experts. But I‚Äôm ge‚Ä¶",54,BART
154,0.6249,Fri Mar 30 08:09:22 +0000 2018,0.797,0.0,0.203,"RT @fboermeester: Here's why companies come back to Hack Belgium for a second time. ""Making time for open innovation is like brushing your‚Ä¶",55,BART
155,-0.2263,Fri Mar 30 08:08:03 +0000 2018,0.927,0.073,0.0,@cubigo @houbeng @lyft Is this a) a new round or b) an echo of the 2017 round? Bit confusing due to date the news w‚Ä¶ https://t.co/rSAIK6ZELT,56,BART
156,0.4263,Fri Mar 30 07:25:19 +0000 2018,0.886,0.0,0.114,"@Kinepolis film = TOP! 4DX is iets om eens gedaan te hebben, maar zou er niet opnieuw voor kiezen. Blij dat wij en‚Ä¶ https://t.co/rTICg8Venk",57,BART
157,0.0,Fri Mar 30 05:39:00 +0000 2018,1.0,0.0,0.0,"How to pitch your startup capital of the world, sort of &gt; Pitching Berlin at SXSW | by @BombeSollich https://t.co/VyEtdYPDbb",58,BART
158,0.8126,Thu Mar 29 22:52:00 +0000 2018,0.549,0.0,0.451,Proudly announcing the successful Series A financing round of Oxypoint. | LinkedIn https://t.co/vJyLBgJWwO,59,BART
159,0.0,Thu Mar 29 22:03:45 +0000 2018,1.0,0.0,0.0,GO GO GO @Cubigo &amp; @houbeng Raises $4.5M in Series A Funding + @lyft collaboration  https://t.co/CzJHRhc3dR https://t.co/0OrQQ4Vf6i,60,BART
160,0.0,Thu Mar 29 19:12:11 +0000 2018,1.0,0.0,0.0,Insurers Can Lead Healthcare's Digital Revolution #insurance #digitalhealth https://t.co/UWMSivf3jT,61,BART
161,0.0,Thu Mar 29 17:45:02 +0000 2018,1.0,0.0,0.0,Finally! RPO in 4DX (@ Zaal 2 - @kinepolis in Antwerpen) https://t.co/XJy85OeYHU,62,BART
162,0.6249,Thu Mar 29 15:47:00 +0000 2018,0.76,0.0,0.24,great service &amp; naming &gt; LetsGetChecked raises $12M for its personal health tests https://t.co/eupCWA6utO,63,BART
163,0.0,Thu Mar 29 14:50:03 +0000 2018,1.0,0.0,0.0,Tattoo electrodes made with an inkjet printer https://t.co/5FWiZlm12j,64,BART
164,0.5452,Thu Mar 29 12:32:23 +0000 2018,0.606,0.1,0.294,"@feedly both safari &amp; FF , private doesn't load as well. App (iOS) works fine",65,BART
165,-0.538,Thu Mar 29 12:28:06 +0000 2018,0.691,0.309,0.0,"@feedly idling on 'loading', hard refresh and other browser not successful https://t.co/j5eVzSNZU1",66,BART
166,0.0,Thu Mar 29 12:18:40 +0000 2018,1.0,0.0,0.0,"@feedly feeds are not loading, status = ?",67,BART
167,0.0772,Thu Mar 29 12:07:12 +0000 2018,0.939,0.0,0.061,"RT @krdemey: Saturday May 5th, we do another brainstorm on #sportstech, this time during @andleuven on challenges related to #sports #parti‚Ä¶",68,BART
168,0.743,Thu Mar 29 10:27:19 +0000 2018,0.674,0.0,0.326,excellent interview (again) from @healthtechdan . This time with pragmatic and scalable innovation tips from‚Ä¶ https://t.co/BK0Kq9iMgT,69,BART
169,0.0,Thu Mar 29 09:40:43 +0000 2018,1.0,0.0,0.0,Les start-ups e-sant√© se heurtent √† la complexit√© du syst√®me de soins belge https://t.co/FKiPTkhKMc,70,BART
170,0.0,Thu Mar 29 08:39:43 +0000 2018,1.0,0.0,0.0,"RT @IBDAZDelta: Aanrader. Een Massive Open Online Course voor en door verpleegkundigen. 
Unieke kans. Ik doe zeker mee. #benurse jij toch o‚Ä¶",71,BART
171,0.0,Thu Mar 29 07:58:31 +0000 2018,1.0,0.0,0.0,"RT @antoine_dhol: UGenTec haalt 7,5 miljoen ‚Ç¨ op! Fantastisch nieuws!  #imecistart #behealth https://t.co/ZLpRVTDLCM via @tijd",72,BART
172,0.0,Thu Mar 29 07:35:48 +0000 2018,1.0,0.0,0.0,RT @seajayinla: more proof that @CBinsights is doing the lords work. https://t.co/bE1zY7vSZk,73,BART
173,0.0,Thu Mar 29 06:13:28 +0000 2018,1.0,0.0,0.0,RT @Benurse_BE: Voor wie het nog niet weet: volgende week is het weer zo ver! #tweetchat van #benurse. Deze keer gaat het over het thema #t‚Ä¶,74,BART
174,0.5719,Wed Mar 28 21:51:17 +0000 2018,0.837,0.0,0.163,"RT @mkmackey: ""And will there be a #VR #Pharmacist ? A way to select perfect experiences for various patients and diseases in #VirtualMed18‚Ä¶",75,BART
175,0.5423,Wed Mar 28 21:29:08 +0000 2018,0.844,0.0,0.156,"RT @chrissyfarr: Fascinating slide from a recent Google Brain study on how physicians make diagnoses when looking at retinal images. 

They‚Ä¶",76,BART
176,0.0,Wed Mar 28 13:11:40 +0000 2018,1.0,0.0,0.0,RT @BruLifeTech: [#MEDTECHACCELERATOR] ü§ùBusiness speeddating with key actors of the sector !  #MEETANDGREET #BELGIANINITIATIVEüáßüá™ #INNOVATIO‚Ä¶,77,BART
177,0.0,Wed Mar 28 12:02:04 +0000 2018,1.0,0.0,0.0,"Back for its 5th edition, the European #Telemedicine Conference (ETC) 2018 is hosted as part of the HIMSS Europe &amp;‚Ä¶ https://t.co/OvVlRuRlef",78,BART
178,0.0,Wed Mar 28 10:20:58 +0000 2018,1.0,0.0,0.0,"HealthTech.Belgium #medtech accelerator (@ https://t.co/VHqAWFqjRs in Saint-Gilles, Bruxelles-Capitale) https://t.co/w10C95pdC0",79,BART
179,0.3612,Wed Mar 28 10:16:02 +0000 2018,0.828,0.0,0.172,Clinical trials test how Amazon's Alexa can fit into healthcare #clinicaltrial #Alexa https://t.co/66pfuLKhl2,80,BART
180,0.0,Wed Mar 28 08:38:00 +0000 2018,1.0,0.0,0.0,"Oscar Health, Josh Kushner's health #insurance start-up, raises $165 million from Alphabet and others https://t.co/DjeYtagLp3",81,BART
181,0.0,Wed Mar 28 07:49:51 +0000 2018,1.0,0.0,0.0,RT @ThomasVdA: Startups in #DigitalHealth are rather looking for paying clients in stead of investors #behealth https://t.co/ItnMRjXwfd,82,BART
182,0.0,Wed Mar 28 07:47:04 +0000 2018,1.0,0.0,0.0,@ThomasPattyn with a twist https://t.co/okUL3geAWU,83,BART
183,0.0,Wed Mar 28 07:05:00 +0000 2018,1.0,0.0,0.0,"Extra factor: mistrust radiologists that DO NOT use #AI &gt; HBR: AI Will Change Radiology, but It Won‚Äôt Replace Radio‚Ä¶ https://t.co/L559IoU7PE",84,BART
184,0.7506,Wed Mar 28 06:55:47 +0000 2018,0.726,0.0,0.274,@feedly Interesting the @Feedly team is also focusing on onboarding former Digg users. But already a happy Feedly c‚Ä¶ https://t.co/DoL5lwhOmY,85,BART
185,0.0,Wed Mar 28 06:43:16 +0000 2018,1.0,0.0,0.0,"RT @doctorhub: @UZLeuven stelt nieuwe app voor #Muco @UZGent een bionisch oog, @AZMMGent telesurveillance en #CHIREC @Zora_Robot. Canadese‚Ä¶",86,BART
186,0.0,Wed Mar 28 06:35:06 +0000 2018,1.0,0.0,0.0,"Applications are open! https://t.co/Zx2tgmGZCz Exponential Medicine 2018 will be held this November 4-7th, back at‚Ä¶ https://t.co/Ff7oQ8GAco",87,BART
187,-0.5413,Tue Mar 27 21:47:22 +0000 2018,0.696,0.304,0.0,"@lucienengelen @LVElegem Hehe, anyway, kind of a disappointing translation https://t.co/cgKCrQsu24",88,BART
188,0.5719,Tue Mar 27 21:26:36 +0000 2018,0.812,0.0,0.188,"Actually was an excellent tool, why didn‚Äôt they survive? &gt; We are shutting down Digg Reader today.",89,BART
189,0.0,Tue Mar 27 21:21:00 +0000 2018,1.0,0.0,0.0,@lucienengelen @LVElegem Ecosystem ecosystem ecosystem ecosystem ecosystem ecosystem ecosystem ecosystem ecosystem‚Ä¶ https://t.co/IJpz8t8WQ3,90,BART
190,-0.7351,Tue Mar 27 20:26:28 +0000 2018,0.658,0.257,0.086,RT @jgcoppens: #fail zowel taxi sector die denkt hiermee hun privileges in stand te houden als de politie die dit laat gebeuren https://t.c‚Ä¶,91,BART
191,0.0,Tue Mar 27 20:25:57 +0000 2018,1.0,0.0,0.0,RT @TheNextWeb: Facebook memes in 2018 = üëå https://t.co/aJY19dmTkC,92,BART
192,0.1779,Tue Mar 27 19:47:51 +0000 2018,0.925,0.0,0.075,"RT @kaskoen: My take on Pharmacy 3.0 - For Belgian Fed. Pharmacies, to become future-proof. On learning from Amazon, the move to coaching-a‚Ä¶",93,BART
193,0.0,Tue Mar 27 17:19:55 +0000 2018,1.0,0.0,0.0,RT @DielsDirk: Je houdt het niet voor mogelijk. #Surrealisme zonder grenzen #Taxis #Uber https://t.co/Gb5dvCMEqr,94,BART
194,0.8316,Tue Mar 27 17:00:23 +0000 2018,0.705,0.0,0.295,"RT @andleuven: Wherever your interests may be, @andleuven's first edition is bound to excite &amp; inspire you on way more levels than you woul‚Ä¶",95,BART
195,-0.636,Tue Mar 27 17:00:14 +0000 2018,0.827,0.173,0.0,RT @herkocoomans: #tdv #hivemind Ik ben op zoek naar contacten in reiswereld die voor gehandicapten reizen organiseert! Voor een project ov‚Ä¶,96,BART
196,0.0,Tue Mar 27 15:35:02 +0000 2018,1.0,0.0,0.0,RT @himsseurope: Read Julie's personal story about living with diabetes type 1 before meeting her in Sitges (Barcelona) at the #HIMSSEurope‚Ä¶,97,BART
197,0.6705,Tue Mar 27 14:50:04 +0000 2018,0.718,0.0,0.282,Excellent overview by @berci &gt; Top 12 Companies Bringing #Blockchain To Healthcare - The Medical Futurist https://t.co/zjalzilODd,98,BART
198,0.3818,Tue Mar 27 12:02:06 +0000 2018,0.809,0.0,0.191,City of Antwerp as hotspot for innovation ‚Äì Duval Union Academy ‚Äì Medium https://t.co/bP7G8CIR1f,99,BART
199,0.0,Tue Mar 27 09:08:59 +0000 2018,1.0,0.0,0.0,RT @bhiccare: Schrijf je in voor #innovationstation tijdens @andleuven. 12 uur lang #ondernemen #innoveren en #veelfun. https://t.co/FhbJBW‚Ä¶,100,BART
200,0.0,Wed Apr 11 17:23:07 +0000 2018,1.0,0.0,0.0,"RT @NYCTSubway: Our new Wayfinder program was designed to provide more personal customer service, when and where you need it. It‚Äôs just one‚Ä¶",1,MTA
201,0.8126,Tue Apr 10 00:56:00 +0000 2018,0.403,0.0,0.597,Train Operator McClain: Dog‚Äôs best friend. üêï https://t.co/Tid2ee5XKo,2,MTA
202,0.7902,Mon Apr 02 20:20:55 +0000 2018,0.632,0.0,0.368,We are very proud of the heroic actions taken by Conductor Kevin Bartsch. https://t.co/KTObhGWL12,3,MTA
203,0.7096,Thu Mar 29 17:47:04 +0000 2018,0.796,0.0,0.204,RT @JoeLhota: NYC Subways are on track to be fundamentally changed for the better.  Welcome to the first steps of Phase 2 of the Subway Act‚Ä¶,4,MTA
204,0.0,Thu Mar 29 17:01:39 +0000 2018,1.0,0.0,0.0,"@JoeDAmore_ Joe,  you can use subway time to find out where your train is.  Click here: https://t.co/ALS379MnVj  ^GS",5,MTA
205,0.6705,Wed Mar 28 20:59:02 +0000 2018,0.766,0.0,0.234,"We are eternally grateful for railfans like Shaul and Ryan, the latest in a long line of historians and enthusiasts‚Ä¶ https://t.co/jNoOparttN",6,MTA
206,0.5514,Tue Mar 27 13:24:57 +0000 2018,0.754,0.0,0.246,@TomMerfy Good Morning.  Did you get a train car number?  What direction is the train traveling?  ^GS,7,MTA
207,0.6249,Tue Mar 27 12:42:34 +0000 2018,0.549,0.0,0.451,"@Erinn_Conlon Erin, have a great day.  ^GS",8,MTA
208,0.0,Wed Mar 21 23:42:06 +0000 2018,1.0,0.0,0.0,@andrewsiff4NY @NYCTSubway Local train service is still available to those customers. It's only select express trai‚Ä¶ https://t.co/7slXS3iVZe,9,MTA
209,-0.4588,Wed Mar 21 20:45:50 +0000 2018,0.846,0.154,0.0,"RT @NYCTSubway: We're working hard to keep subway lines open. Right now, some express trains are running local, but we have no other interr‚Ä¶",10,MTA
210,0.0,Wed Mar 21 15:55:39 +0000 2018,1.0,0.0,0.0,Our monthly post-Board meeting press conference with the Chairman will begin momentarily. Watch live at‚Ä¶ https://t.co/GFJvAEG2rK,11,MTA
211,0.0,Wed Mar 21 14:00:30 +0000 2018,1.0,0.0,0.0,Our monthly Board meeting is now starting. Watch live: https://t.co/6pOd6xSB2Q #MTATransparency,12,MTA
212,-0.8074,Tue Mar 20 20:10:06 +0000 2018,0.657,0.343,0.0,"Early this morning, St Clair Ziare Richards-Stephens, a @nyctsubway track worker, died tragically while working in‚Ä¶ https://t.co/cqOpwqN3Iv",13,MTA
213,0.0,Mon Mar 19 12:30:12 +0000 2018,1.0,0.0,0.0,"Our Board's committees will meet throughout the day today, starting now. Watch live: https://t.co/6pOd6xSB2Q #MTATransparency",14,MTA
214,-0.4767,Fri Mar 16 18:00:56 +0000 2018,0.871,0.129,0.0,"RT @LIRR: LIRR train service is suspended in both directions on the Port Jefferson, Ronkonkoma, Oyster Bay and Hempstead branches. There is‚Ä¶",15,MTA
215,0.5267,Fri Mar 09 19:35:25 +0000 2018,0.812,0.0,0.188,Today we announced the winners of our Genius Challenge. It‚Äôs all part of our ongoing effort to modernize the subway‚Ä¶ https://t.co/KOjsnAq1Nh,16,MTA
216,0.4404,Fri Mar 09 13:50:03 +0000 2018,0.868,0.0,0.132,@GennaGoldsobel Good Morning.  We show a train has arrived since you have tweeted us and should be at 59 St.   ^GS,17,MTA
217,-0.6124,Fri Mar 09 13:41:33 +0000 2018,0.736,0.209,0.054,"@ofvitamind We apologize for the inconvenience, we know this is frustrating, and we‚Äôre doing all we can to keep things moving.  ^GS",18,MTA
218,0.6249,Thu Mar 08 16:34:14 +0000 2018,0.805,0.0,0.195,RT @NYCTSubway: Thank you to our @NYCTSubway staff for working throughout the day and night to keep trains running and platforms clear. htt‚Ä¶,19,MTA
219,0.2732,Wed Mar 07 16:50:09 +0000 2018,0.821,0.062,0.118,"Please commute with caution and leave extra travel time if possible. For real time service information, check‚Ä¶ https://t.co/f4UCCuJRaI",20,MTA
220,0.0,Wed Mar 07 16:48:37 +0000 2018,1.0,0.0,0.0,Heavy snowfall is expected throughout our region today. We have begun preparations and will be deploying additional‚Ä¶ https://t.co/8SteNN0SSP,21,MTA
221,0.1779,Fri Mar 02 20:35:03 +0000 2018,0.804,0.08,0.116,Aboveground subways are also being affected by downed trees. For LIRR specific information please follow @LIRR. For‚Ä¶ https://t.co/uKHFrN6uIL,22,MTA
222,0.0,Fri Mar 02 19:59:43 +0000 2018,1.0,0.0,0.0,MTA crews are currently deployed throughout our region working to address weather related issues and to provide a s‚Ä¶ https://t.co/5OWJULs0ul,23,MTA
223,0.0,Thu Feb 22 18:02:23 +0000 2018,1.0,0.0,0.0,Our monthly post-Board meeting press conference with the Chairman will begin momentarily. Watch live at‚Ä¶ https://t.co/SDun2dq6nn,24,MTA
224,0.0,Thu Feb 22 15:01:58 +0000 2018,1.0,0.0,0.0,Our monthly Board meeting is now beginning. Watch live at https://t.co/MT7SgPdYyO #MTATransparency,25,MTA
225,0.4404,Thu Feb 22 14:59:04 +0000 2018,0.805,0.0,0.195,@manvirNYC Good Morning.   A  J train should be approaching Marcy Av headed towards Manhattan.  ^GS,26,MTA
226,0.0516,Thu Feb 22 14:55:30 +0000 2018,0.682,0.153,0.165,@unsst4678 Good Morning. Earlier signal problems at WTC was causing delays in service.  ^GS,27,MTA
227,0.4404,Thu Feb 22 14:08:13 +0000 2018,0.861,0.0,0.139,"@OctopusMask Good  Morning.  The 2, 4 and 5 system is smaller in size and will not accommodate the Q wider trains.‚Ä¶ https://t.co/U3oJIScNbK",28,MTA
228,0.0,Wed Feb 21 20:52:46 +0000 2018,1.0,0.0,0.0,Today Chairman Lhota appointed Cathy Rinaldi as the sixth President of @MetroNorth. Cathy brings 15 years of dedica‚Ä¶ https://t.co/0MWmvuSplp,29,MTA
229,0.0,Tue Feb 20 19:29:49 +0000 2018,1.0,0.0,0.0,@iAmDaConnector @ShezusChrist Southbound 4 trains are running local from Atlantic Av-Barclays Ctr to Crown Hts-Utic‚Ä¶ https://t.co/OZaGBVWw3J,30,MTA
230,0.4404,Tue Feb 20 19:28:59 +0000 2018,0.847,0.0,0.153,"@iAmDaConnector @ShezusChrist Good Afternoon,. There are also service changes because of FDNY activity at  Hoyt St.‚Ä¶ https://t.co/VzvzxFPAQe",31,MTA
231,-0.0387,Tue Feb 20 14:51:28 +0000 2018,0.948,0.052,0.0,"@CarolinaSask Carrie, sorry for the late reply but we are working to correct the issue.  At this time I can not pro‚Ä¶ https://t.co/SV331ucyfm",32,MTA
232,0.4404,Tue Feb 20 13:40:51 +0000 2018,0.861,0.0,0.139,@bar_runge @NYGovCuomo Good Morning.  Alerts have been posted on the MTA website tweeted and E alerts have been sen‚Ä¶ https://t.co/vsEWZ9XRNl,33,MTA
233,0.0,Tue Feb 20 13:34:43 +0000 2018,1.0,0.0,0.0,"The MTA Board's committees will meet throughout the day today, starting now. Watch live: https://t.co/1hQz1Xyjqw #MTATransparency",34,MTA
234,0.0516,Tue Feb 20 13:02:09 +0000 2018,0.728,0.131,0.141,"@CarolinaSask Good Morning.  We have signal problems at 5 Av causing delays on the N, R and W lines.  ^GS",35,MTA
235,0.4118,Sat Feb 17 18:59:35 +0000 2018,0.854,0.0,0.146,"RT @NYCTSubway: We are expecting snow tonight. Our personnel will be working around the clock to ensure that the system is safe, but please‚Ä¶",36,MTA
236,0.4215,Fri Feb 16 21:46:21 +0000 2018,0.865,0.0,0.135,@FakeMTA Our Train Service Supervisor retrieved the dog and handled the situation with grace and the utmost profess‚Ä¶ https://t.co/JNx5lPCa7B,37,MTA
237,0.0,Fri Feb 16 21:23:09 +0000 2018,1.0,0.0,0.0,Can confirm. https://t.co/BYeklPn0Ki,38,MTA
238,0.4404,Fri Feb 16 15:19:41 +0000 2018,0.861,0.0,0.139,@BrooklynYel Good Morning.  FDNY activity at 7 Av caused service changes and delays on the line.  D trains are now‚Ä¶ https://t.co/6lFNyWVbAl,39,MTA
239,0.4404,Fri Feb 16 15:15:20 +0000 2018,0.861,0.0,0.139,@sjlinnyc @ChrisCuomo @BilldeBlasio Good morning Steve.  We have congestion along the line because of FDNY activity at 7 Av.  ^GS,40,MTA
240,0.4404,Fri Feb 16 14:09:15 +0000 2018,0.791,0.0,0.209,@jmbernal99 Good Morning. Delays are still ongoing on the E and F line.  ^GS,41,MTA
241,0.5095,Thu Feb 15 21:04:28 +0000 2018,0.752,0.0,0.248,"We're so glad our train operator made your day, Stella. https://t.co/bP41j826HC",42,MTA
242,0.4404,Thu Feb 15 17:43:06 +0000 2018,0.861,0.0,0.139,"@d_lanice Good Afternoon.  To assist you can you provide the train line,  station, and direction you are traveling? ^GS",43,MTA
243,0.3182,Thu Feb 15 15:25:56 +0000 2018,0.8,0.071,0.129,@ProfGambs Good Morning. That train is at 61 St now two stops away it should be two you soon.   ^GS,44,MTA
244,0.2023,Thu Feb 15 14:14:37 +0000 2018,0.618,0.14,0.242,@hsteezy Good morning Carly. L train service has resumed we apologize for the inconvenience.  ^GS,45,MTA
245,0.6808,Thu Feb 15 13:20:19 +0000 2018,0.752,0.0,0.248,"@MatVig Good Morning. On occasion, filed supervision may reroute one train to help congestion on a line or provide‚Ä¶ https://t.co/bGGpobxPRw",46,MTA
246,0.0516,Wed Feb 14 15:15:55 +0000 2018,0.763,0.114,0.123,@Nooch80 Good morning. We had a few interruptions in service earlier. Rush hour is the busiest time for service. We‚Ä¶ https://t.co/8cozeyLyNe,47,MTA
247,-0.4019,Wed Feb 14 15:12:22 +0000 2018,0.881,0.119,0.0,"@lainyrosey @Nicely_Conroy Lena, M trains are running with delays in both directions because of the ongoing signal problems at  75 Av.  ^GS",48,MTA
248,0.4404,Wed Feb 14 14:35:03 +0000 2018,0.756,0.0,0.244,@lainyrosey Good Morning. Which train are you referring too? ^GS,49,MTA
249,0.4404,Wed Feb 14 13:29:06 +0000 2018,0.854,0.0,0.146,@petey_kj Good Morning.  Which station are you waiting for the E line and which direction are you traveling?  ^GS,50,MTA
250,0.4404,Wed Feb 14 13:18:38 +0000 2018,0.861,0.0,0.139,@petey_kj @NY1 Good Morning.  A E train left 34 St-Penn Station and should be arriving at  7 Av/ 53 St soon.  ^GS,51,MTA
251,0.1531,Tue Feb 13 19:07:16 +0000 2018,0.776,0.099,0.125,"@PleasantCow Good Afternoon.  There was a loss of power in queens that caused delays on the E, F, M and R lines.  ^GS",52,MTA
252,0.4404,Tue Feb 13 15:36:30 +0000 2018,0.879,0.0,0.121,@NinaCapelli @NYGovCuomo Good morning Nina. There was FDNY activity at 125 St causing delays and service reroutes on the A and D lines.  ^GS,53,MTA
253,0.0516,Tue Feb 13 14:59:36 +0000 2018,0.763,0.114,0.123,@mayubean Good Morning.  We had earlier signal problems at 34 St-Penn Station which caused delays on the 1 line. In‚Ä¶ https://t.co/ErnmhnGjjy,54,MTA
254,0.5542,Tue Feb 13 14:42:09 +0000 2018,0.842,0.0,0.158,"@erindoesyoga If you haven't already done so, we encourage you receive My MTA Alerts¬Æ about service events that may‚Ä¶ https://t.co/IJpz6z3IZ4",55,MTA
255,0.34,Tue Feb 13 14:39:52 +0000 2018,0.658,0.118,0.224,"@erindoesyoga Good morning. Rush hour is the busiest time for service, often creating small interruptions that can‚Ä¶ https://t.co/zEuEMdqRsh",56,MTA
256,-0.6705,Tue Feb 13 14:27:55 +0000 2018,0.711,0.289,0.0,@amandaamarie8 Amanda sorry for the inconvenience.  Earlier signal problems at 34 St-Penn Station were causing delays in service.  ^GS,57,MTA
257,0.0516,Tue Feb 13 14:24:45 +0000 2018,0.763,0.114,0.123,"@nicolesrants313 Good Morning. Apologies for the late response.  We had earlier signal problems on the 1, 2, and 3‚Ä¶ https://t.co/HsM3cy17Nl",58,MTA
258,0.0516,Tue Feb 13 14:22:28 +0000 2018,0.763,0.114,0.123,@Jedweiss Good Morning.  Apologies for the late reply. There were signal problems at 34 St-Penn Station that was ca‚Ä¶ https://t.co/4B5nz0BovR,59,MTA
259,0.0,Mon Feb 12 16:19:25 +0000 2018,1.0,0.0,0.0,@soph_ialiu Apologies for the late reply.  E and F trains are running with delays because of track maintenance at G‚Ä¶ https://t.co/W5BA6HurjO,60,MTA
260,0.3612,Mon Feb 12 16:15:30 +0000 2018,0.857,0.0,0.143,"@GregRice1010 Greg, thank you for bringing this to our attention the website is being updated.  ^GS",61,MTA
261,0.7003,Mon Feb 12 15:40:35 +0000 2018,0.775,0.0,0.225,@zuri_too Good Morning.  To better assist you which station are you waiting on the 4 train and which direction are you traveling? ^GS,62,MTA
262,0.3818,Fri Feb 09 16:08:25 +0000 2018,0.843,0.0,0.157,Reminder: MetroCard machines will accept cash only in the early part of Saturday morning. https://t.co/kHPoTiChFz,63,MTA
263,0.5574,Tue Feb 06 15:42:13 +0000 2018,0.787,0.0,0.213,@dan_freed Thank you for the reply -- we have forwarded this to MTA Homeless Outreach. Reference # 180206-000273. Y‚Ä¶ https://t.co/OoSzP7sjmu,64,MTA
264,0.7096,Tue Feb 06 14:31:12 +0000 2018,0.404,0.0,0.596,@brian_illegal Your welcome has a good day.,65,MTA
265,0.0772,Fri Feb 02 17:57:48 +0000 2018,0.732,0.127,0.141,@marya_shuksta Good afternoon Marya. Emergency brakes were activated at 42 St earlier today on a northbound B train‚Ä¶ https://t.co/RMsXOHauB1,66,MTA
266,0.2263,Fri Feb 02 15:58:35 +0000 2018,0.786,0.087,0.127,@SLeigh__ Good morning. There was a customer that was struck by a train earlier at DeKalb Av. Service has resumed o‚Ä¶ https://t.co/OkcTE4YklK,67,MTA
267,0.1779,Thu Feb 01 14:44:50 +0000 2018,0.758,0.104,0.137,"@kuty_chris Good Morning. Announcements are normally made on board a train when it skips a stop, however when multi‚Ä¶ https://t.co/McpfevUwTC",68,MTA
268,0.0,Wed Jan 31 20:41:13 +0000 2018,1.0,0.0,0.0,"Today, 11 new canines officially joined the MTA Police Department. They completed 12 weeks of training with their p‚Ä¶ https://t.co/oZdvLaj91A",69,MTA
269,0.6597,Wed Jan 31 15:44:16 +0000 2018,0.735,0.0,0.265,"@FernandoSVZLA Good morning, Fernando, and thank you for reporting this issue. We will notify supervision. Referenc‚Ä¶ https://t.co/0eeSw4ZGwT",70,MTA
270,0.0516,Wed Jan 31 14:24:12 +0000 2018,0.741,0.125,0.134,"@RaffordReview Good Morning. We had several incidents on the F line this morning, signal problems at Rockefeller Ce‚Ä¶ https://t.co/LAosLxKpQe",71,MTA
271,0.2732,Tue Jan 30 21:24:44 +0000 2018,0.644,0.133,0.223,"@jahmiaable Good afternoon and our apologies for any unpleasant conditions. If possible, please provide the train l‚Ä¶ https://t.co/hPgNeWEAc9",72,MTA
272,0.0,Wed Jan 24 17:29:35 +0000 2018,1.0,0.0,0.0,Our monthly post-Board meeting press conference with Chairman Lhota will begin momentarily. Watch live at‚Ä¶ https://t.co/pFMfcODEpA,73,MTA
273,0.0,Wed Jan 24 15:01:48 +0000 2018,1.0,0.0,0.0,Our monthly Board meeting is now starting. Watch live at https://t.co/6pOd6xSB2Q #MTATransparency,74,MTA
274,0.2023,Wed Jan 24 14:00:00 +0000 2018,0.618,0.14,0.242,"@dubious_d Good Morning.  Service has resumed on the 2 line we apologize for the inconvenience.  
.",75,MTA
275,0.4404,Mon Jan 22 14:10:41 +0000 2018,0.861,0.0,0.139,@alexkapelman Good Morning.  We had two incidents this morning that caused delays on the C line a train with mechan‚Ä¶ https://t.co/XD4NkfquS0,76,MTA
276,0.4404,Mon Jan 22 13:52:29 +0000 2018,0.854,0.0,0.146,"@TonyTilli @NYCMTA_Problems Good Morning. We show a downtown  A, C, 2, 3 4, 5 and a Brooklyn bound J  train has arr‚Ä¶ https://t.co/BdJJvwsrGv",77,MTA
277,0.0,Mon Jan 22 13:30:32 +0000 2018,1.0,0.0,0.0,"Our Board's committees will meet throughout the day today, starting now. Watch live at https://t.co/6pOd6xSB2Q #MTATransparency",78,MTA
278,0.0258,Fri Jan 19 22:57:24 +0000 2018,0.749,0.123,0.128,"@TheAlburquerque Good afternoon. Your experience on the A train was because of a customer injury at 168 St. Also, t‚Ä¶ https://t.co/8jxY0TB8e7",79,MTA
279,0.4404,Thu Jan 18 14:41:27 +0000 2018,0.861,0.0,0.139,@PersonalGenius Good Morning. You can sign up to receive alerts about planned work and real time service incidents.‚Ä¶ https://t.co/UJUOB21uI2,80,MTA
280,0.2023,Tue Jan 16 17:28:06 +0000 2018,0.702,0.11,0.189,@LipicaShah Good afternoon. We apologize for any inconvenience. We see that a downtown train left 96 St at 12:15. ^NOC,81,MTA
281,0.0,Tue Jan 16 17:11:55 +0000 2018,1.0,0.0,0.0,RT @NYCTSubway: New President Andy Byford arriving at Transit HQ today on the 5 train ‚Äì he doesn‚Äôt own a car so you‚Äôll see him on the subwa‚Ä¶,82,MTA
282,-0.1027,Tue Jan 16 16:46:33 +0000 2018,0.654,0.181,0.165,@N33nja Good Morning.   We apologize for the inconvenience that no end date is readily available. You can sign up t‚Ä¶ https://t.co/xpt0DWzbh5,83,MTA
283,0.4588,Tue Jan 16 15:43:14 +0000 2018,0.824,0.0,0.176,RT @NYCTSubway: Welcome to the new President of New York City Transit Andy Byford. https://t.co/JHrhWPz4V9,84,MTA
284,-0.0258,Fri Jan 12 21:01:11 +0000 2018,0.617,0.194,0.189,@regina_margot Good afternoon. We apologize for the inconvenience. Some trains were delayed because of an earlier F‚Ä¶ https://t.co/KZWSpey34b,85,MTA
285,0.1027,Thu Jan 11 20:09:38 +0000 2018,0.928,0.0,0.072,@thereismytweet We apologize for late reply. You can purchase MetroCards at Terminal B near the food court and C/D‚Ä¶ https://t.co/AvWJcpj0CF,86,MTA
286,0.3612,Thu Jan 11 16:27:56 +0000 2018,0.902,0.0,0.098,RT @NYCTSubway: Our teams worked through the night so that B &amp; D service can run normal for today's rush hour. Thank you for your patience‚Ä¶,87,MTA
287,0.4404,Thu Jan 11 13:49:13 +0000 2018,0.868,0.0,0.132,@selfishlilbrat Good Morning.  Were you able to board the train we show a train has arrived since you tweeted us?  ^GS,88,MTA
288,0.6369,Wed Jan 10 18:24:56 +0000 2018,0.776,0.0,0.224,@Ndospice Good afternoon. Please provide the train and which direction you're heading in order for us to assist you‚Ä¶ https://t.co/66EBRtMRfR,89,MTA
289,0.0516,Wed Jan 10 17:05:57 +0000 2018,0.741,0.125,0.134,@jonnamariehyatt Good Afternoon. Last night we had a train with mechanical problems. Today we have ongoing signal p‚Ä¶ https://t.co/EdjkKYuETX,90,MTA
290,0.1779,Wed Jan 10 16:19:40 +0000 2018,0.758,0.104,0.137,@JoshtheWord Good Morning.  Service will end at that station it will go no further than that station.  ^GS,91,MTA
291,0.1531,Wed Jan 10 15:49:58 +0000 2018,0.743,0.114,0.144,@jearysylves Good morning. You may request a delay verification letter for your employer by going to:  https://t.co/g7h86KLKUz ^IR,92,MTA
292,-0.6124,Wed Jan 10 15:00:45 +0000 2018,0.736,0.209,0.054,"@EditorStoltz We apologize for the inconvenience we know this is frustrating, and we‚Äôre doing all we can to keep things moving. ^GS",93,MTA
293,0.1531,Wed Jan 10 13:37:04 +0000 2018,0.698,0.134,0.169,@_SereneBi Good Morning.  You can receive a delay verification letter by clicking here:  https://t.co/g7h86KLKUz  ^GS,94,MTA
294,0.0516,Wed Jan 10 13:32:52 +0000 2018,0.663,0.163,0.175,@Archsploration @2AvSagas Good Morning.  We have signal problems at Hoyt Schermerhorn St.   ^GS,95,MTA
295,0.0516,Wed Jan 10 13:31:06 +0000 2018,0.699,0.145,0.156,@thealoepapi Good Morning.  We have signal problems at Hoyt-Schermerhorn causing delays on the A line.  ^GS,96,MTA
296,0.0516,Wed Jan 10 12:57:08 +0000 2018,0.728,0.131,0.141,@alexandro114 Good Morning.   Northbound A and C trains are running with delays because of signal problems at Hoyt-Schermerhorn. ^GS,97,MTA
297,0.4404,Tue Jan 09 23:03:38 +0000 2018,0.854,0.0,0.146,@irisita1 Good afternoon. We have electrical repairs because of an earlier incident at 47-50 Sts/Rockefeller Ctr an‚Ä¶ https://t.co/sbzFgllUeD,98,MTA
298,0.4404,Tue Jan 09 21:30:08 +0000 2018,0.854,0.0,0.146,@sacredfuel Good afternoon. We have delays in the F train service because of an earlier incident involving electric‚Ä¶ https://t.co/ULWriJOrg2,99,MTA
299,0.4404,Tue Jan 09 16:09:46 +0000 2018,0.861,0.0,0.139,@taraalexandra_ @Green_theboy Good Morning. It was an investigation then updated to a rail condition website and twitter was updated.  ^GS,100,MTA
300,0.0,Wed Apr 11 17:59:22 +0000 2018,1.0,0.0,0.0,The Harlem-bound elevator at King Drive (Green Line) is temporarily out-of-service.,1,CTA
301,-0.5106,Wed Apr 11 17:41:02 +0000 2018,0.858,0.142,0.0,Some Forest Park-bound Blue Line trains are operating with residual delays after an earlier sick customer at Damen; service is resuming.,2,CTA
302,0.0,Wed Apr 11 13:12:00 +0000 2018,1.0,0.0,0.0,Some Forest Park-bound Blue Line trains are operating with residual delays after an earlier report of a minor fire‚Ä¶ https://t.co/YiJQqKAiRd,3,CTA
303,-0.0516,Wed Apr 11 13:05:53 +0000 2018,0.813,0.098,0.089,Forest Park-bound Blue Line trains are standing Harlem due to a report of a minor fire at track level; crews working to restore service.,4,CTA
304,0.0,Wed Apr 11 05:00:13 +0000 2018,1.0,0.0,0.0,The temporary reroute of northbound 28 Stony Island and eastbound 95 95th buses near Stony Island/95th has ended.,5,CTA
305,0.0,Wed Apr 11 04:54:30 +0000 2018,1.0,0.0,0.0,The temporary reroute of 95 95th buses near 93rd/Marquette has ended.,6,CTA
306,0.0,Wed Apr 11 00:34:24 +0000 2018,1.0,0.0,0.0,"95 95th buses are temporarily rerouted via 93rd, Colfax, 92nd, and Antony.",7,CTA
307,0.0,Wed Apr 11 00:27:43 +0000 2018,1.0,0.0,0.0,"EB 95 95th buses are temporarily rerouted via 95th, Jeffery, and 93rd.",8,CTA
308,0.0,Wed Apr 11 00:23:43 +0000 2018,1.0,0.0,0.0,"NB 28 Stony Island buses are temporarily rerouted via Stony Island, 95th, Jeffery, 93rd, and Stony Island.",9,CTA
309,0.0,Wed Apr 11 00:19:56 +0000 2018,1.0,0.0,0.0,The temporary reroute of SB 24 Wentworth buses near Vincennes/Marquette has ended.,10,CTA
310,0.0,Tue Apr 10 23:15:57 +0000 2018,1.0,0.0,0.0,The temporary reroute of 22 Clark buses near Dearborn/Superior has ended.,11,CTA
311,0.0,Tue Apr 10 22:57:06 +0000 2018,1.0,0.0,0.0,Some 95th-bound Red Line trains are operating with residual delays after earlier police activity at Garfield; service is resuming.,12,CTA
312,0.296,Tue Apr 10 22:42:50 +0000 2018,0.879,0.0,0.121,95th-bound Red Line trains are standing at Garfield due to police activity; crews working to restore service.,13,CTA
313,-0.4019,Tue Apr 10 22:28:54 +0000 2018,0.863,0.137,0.0,Some O'Hare-bound Blue Line trains are operating with residual delays after an earlier mechanical problem at Cumber‚Ä¶ https://t.co/q7Z3dG2Pxt,14,CTA
314,0.0,Tue Apr 10 18:07:43 +0000 2018,1.0,0.0,0.0,"Southbound 22 Clark buses are temporarily rerouted via Dearborn, Erie, State, Chicago, and Dearborn",15,CTA
315,0.0,Tue Apr 10 17:30:42 +0000 2018,1.0,0.0,0.0,"Southbound 24 Wentworth buses are temporarily rerouted via Wentworth, Marquette, Lafayette,",16,CTA
316,0.0,Tue Apr 10 17:20:35 +0000 2018,1.0,0.0,0.0,The temporary reroute of #73 Armitage buses near Clark/Wisconsin has ended.,17,CTA
317,0.0,Tue Apr 10 16:14:47 +0000 2018,1.0,0.0,0.0,"#73 Armitage buses are temporarily rerouted via Armitage, Lincoln, and Clark.",18,CTA
318,0.0,Tue Apr 10 16:09:52 +0000 2018,1.0,0.0,0.0,"Northbound #36 Broadway #22 Clark buses are temporarily rerouted via Clark, LaSalle, Stockton, Dickens, and Clark.",19,CTA
319,0.6696,Tue Apr 10 15:53:31 +0000 2018,0.837,0.0,0.163,Rescheduled home opener is today! The Red Line or bus routes that get you right to Wrigley Field are the best way t‚Ä¶ https://t.co/F3jYrwpQlC,20,CTA
320,0.8858,Tue Apr 10 15:39:48 +0000 2018,0.637,0.0,0.363,We know how important a good pair of shades is! We‚Äôre glad you got your glasses back (and we‚Äôll pass on your kind w‚Ä¶ https://t.co/RY6F58ZOWJ,21,CTA
321,0.0,Tue Apr 10 15:34:54 +0000 2018,1.0,0.0,0.0,@mattrossiter Those crews are very busy maintaining the other &gt;160 escalators across our system and working to keep‚Ä¶ https://t.co/iF5zYKvhL0,22,CTA
322,0.7414,Tue Apr 10 15:08:10 +0000 2018,0.718,0.0,0.282,"@PresMusicLtd We absolutely due care about safety, quality of service and do regularly inspect, do preventative mai‚Ä¶ https://t.co/eyF62REaNR",23,CTA
323,0.3182,Tue Apr 10 15:07:02 +0000 2018,0.887,0.0,0.113,"@PresMusicLtd If there's a specific vehicle you feel needs attention, please let us know right away by e-mailing ou‚Ä¶ https://t.co/oEKEAm8ovw",24,CTA
324,0.2975,Tue Apr 10 15:06:27 +0000 2018,0.787,0.078,0.134,@PresMusicLtd Our staff work very hard to keep all of our vehicles in good working order. Recent upgrades/replaceme‚Ä¶ https://t.co/3DL3up5Evf,25,CTA
325,0.3182,Tue Apr 10 15:05:52 +0000 2018,0.892,0.0,0.108,"@PresMusicLtd The recent fare increase was to balance our 2018 operating budget, which had $33M of state funds cut‚Äî‚Ä¶ https://t.co/fhX50YwrXf",26,CTA
326,0.6124,Tue Apr 10 15:04:44 +0000 2018,0.75,0.0,0.25,"@mattrossiter Actually, it's not that simple: the process of shutting them down safely requires a significant amoun‚Ä¶ https://t.co/rGgwjaPuoD",27,CTA
327,-0.4019,Tue Apr 10 14:18:36 +0000 2018,0.876,0.124,0.0,Some O'Hare-bound Blue Line trains are operating with residual delays after an earlier mechanical problem at Addison; service is resuming.,28,CTA
328,-0.128,Tue Apr 10 14:13:17 +0000 2018,0.776,0.123,0.1,O'Hare-bound Blue Line trains are standing near Racine due to a mechanical problem on a train; crews working to restore service.,29,CTA
329,-0.4019,Tue Apr 10 14:01:29 +0000 2018,0.856,0.144,0.0,Some Ashland/63rd-bound Green Line trains are operating with residual delays after an earlier mechanical problem on‚Ä¶ https://t.co/HJkmrcP1Hy,30,CTA
330,-0.128,Tue Apr 10 13:57:51 +0000 2018,0.766,0.129,0.105,Ashland/63rd-bound Green Line trains are standing at Oak Park due to a mechanical problem; crews working to restore service.,31,CTA
331,-0.4019,Tue Apr 10 13:55:01 +0000 2018,0.876,0.124,0.0,Some 95th-bound Red Line trains are operating with residual delays after an earlier mechanical problem at Lake; service is resuming.,32,CTA
332,-0.128,Tue Apr 10 13:53:25 +0000 2018,0.776,0.123,0.1,95th-bound Red Line trains are standing at Lake due to mechanical problem on a train; crews working to restore service.,33,CTA
333,-0.4019,Tue Apr 10 13:18:16 +0000 2018,0.876,0.124,0.0,Some 95th-bound Red Line trains are operating with residual delays after an earlier door problem at Addison; service is resuming.,34,CTA
334,-0.128,Tue Apr 10 13:05:34 +0000 2018,0.776,0.123,0.1,95th-bound Red Line trains are standing at Addison due to a door problem on a train; crews working to restore service.,35,CTA
335,0.0,Tue Apr 10 12:56:07 +0000 2018,1.0,0.0,0.0,"Westbound 126 Jackson buses are temporarily rerouted via Adams, Morgan, and Van Buren.",36,CTA
336,-0.4019,Tue Apr 10 12:45:08 +0000 2018,0.876,0.124,0.0,Some 54th/Cermak-bound Pink Line trains are operating with residual delays after an earlier door problem on a train; service is resuming.,37,CTA
337,-0.128,Tue Apr 10 12:41:34 +0000 2018,0.766,0.129,0.105,54th/Cermak-bound Pink Line trains are standing Cicero due to a door problem on a train; crews working to restore service.,38,CTA
338,-0.4019,Tue Apr 10 12:35:29 +0000 2018,0.87,0.13,0.0,Some Forest Park-bound Blue Line trains are operating with residual delays after an earlier door problem on a train‚Ä¶ https://t.co/z3NyWObBbg,39,CTA
339,-0.128,Tue Apr 10 12:29:02 +0000 2018,0.776,0.123,0.1,Forest Park-bound Blue Line trains are standing Western/O'Hare due to a door problem on a train; crews working to restore service.,40,CTA
340,-0.4019,Tue Apr 10 12:24:49 +0000 2018,0.876,0.124,0.0,Some Loop-bound Brown Line trains are operating with residual delays after an earlier mechanical problem at Western; service is resuming.,41,CTA
341,-0.128,Tue Apr 10 12:16:38 +0000 2018,0.754,0.136,0.111,Loop-bound Brown Line trains are standing at Western due to mechanical problem; crews working to restore service.,42,CTA
342,0.0,Tue Apr 10 11:59:05 +0000 2018,1.0,0.0,0.0,Some Linden-bound Purple Line trains are operating with residual delays at Howard; service is resuming.,43,CTA
343,0.296,Tue Apr 10 11:54:18 +0000 2018,0.845,0.0,0.155,Linden-bound Purple Line  trains are standing at Howard; crews working to restore service.,44,CTA
344,0.0,Tue Apr 10 11:33:34 +0000 2018,1.0,0.0,0.0,Some Kimball-bound Brown Line trains are operating with residual delays after; service is resuming.,45,CTA
345,0.0,Tue Apr 10 11:17:46 +0000 2018,1.0,0.0,0.0,Some Green Line trains are operating with residual delays after an earlier unauthorized person on the tracks; service is resuming.,46,CTA
346,0.296,Tue Apr 10 11:10:18 +0000 2018,0.891,0.0,0.109,Green Line trains are standing at Harlem due to unauthorized person on the tracks; crews working to restore service.,47,CTA
347,-0.5106,Tue Apr 10 05:55:46 +0000 2018,0.845,0.155,0.0,Some O'Hare-bound Blue Line trains are operating with residual delays after earlier sick customer at Jackson; service is resuming.,48,CTA
348,-0.2732,Tue Apr 10 05:44:31 +0000 2018,0.732,0.161,0.107,O'Hare-bound Blue Line trains are standing at Jackson due to a sick customer; crews working to restore service.,49,CTA
349,-0.4019,Mon Apr 09 23:25:32 +0000 2018,0.876,0.124,0.0,Some Harlem-bound Green Line trains are operating with residual delays after an earlier door problem at Halsted; service is resuming.,50,CTA
350,-0.128,Mon Apr 09 23:16:00 +0000 2018,0.754,0.136,0.111,Harlem-bound Green Line trains are standing at Halsted due to a door problem; crews working to restore service.,51,CTA
351,0.0,Mon Apr 09 23:04:33 +0000 2018,1.0,0.0,0.0,The temporary reroute of NB 85 Central buses near Central/Higgins has ended.,52,CTA
352,-0.4767,Mon Apr 09 22:55:55 +0000 2018,0.814,0.186,0.0,@ashley_jemes We understand your concerns and are sorry to hear you're unhappy with the service. We are working to‚Ä¶ https://t.co/MRsVhmVkva,53,CTA
353,-0.4019,Mon Apr 09 22:46:52 +0000 2018,0.876,0.124,0.0,Some O'Hare-bound Blue Line trains are operating with residual delays after an earlier door problem at Pulaski; service is resuming.,54,CTA
354,-0.128,Mon Apr 09 22:45:28 +0000 2018,0.754,0.136,0.111,O'Hare-bound Blue Line trains are standing at Pulaski due to a door problem; crews working to restore service.,55,CTA
355,0.0,Mon Apr 09 22:34:21 +0000 2018,1.0,0.0,0.0,Some Forest Park-bound Blue Line trains are operating with residual delays after earlier police activity at UIC Hal‚Ä¶ https://t.co/tC5N97nsHN,56,CTA
356,0.296,Mon Apr 09 22:30:30 +0000 2018,0.891,0.0,0.109,Forest Park-bound Blue Line trains are standing at UIC Halsted due to police activity; crews working to restore service.,57,CTA
357,0.0,Mon Apr 09 21:30:39 +0000 2018,1.0,0.0,0.0,Some Howard-bound Red Line trains are operating with residual delays after an earlier train standing at 69th; service is resuming.,58,CTA
358,0.296,Mon Apr 09 21:29:20 +0000 2018,0.845,0.0,0.155,Howard-bound Red Line trains are standing at 69th; crews working to restore service.,59,CTA
359,-0.4404,Mon Apr 09 16:31:51 +0000 2018,0.408,0.592,0.0,@Cubs :( https://t.co/WN6lI4Bzuf,60,CTA
360,-0.2023,Mon Apr 09 16:31:18 +0000 2018,0.927,0.073,0.0,"RT @Cubs: Today's #Cubs home opener at #WrigleyField has been postponed due to ongoing inclement weather.

The game will be made up at 1:20‚Ä¶",61,CTA
361,-0.3612,Mon Apr 09 16:30:32 +0000 2018,0.774,0.226,0.0,@immewnity @Cubs Sorry for the confusion; this was the latest info when we retweeted.,62,CTA
362,0.6941,Mon Apr 09 16:13:47 +0000 2018,0.786,0.0,0.214,"RT @whitesox: Today's #WhiteSox starters!

‚è∞: 1:10 PM CT (Time is subject to change, but Roger is optimistic about playing today!)
üì∫: @WGNT‚Ä¶",63,CTA
363,0.0,Mon Apr 09 15:07:42 +0000 2018,1.0,0.0,0.0,"Northbound 85 Central buses are temporarily rerouted via Central, Lawrence, Milwaukee, and Jefferson Park.",64,CTA
364,-0.4019,Mon Apr 09 14:52:20 +0000 2018,0.87,0.13,0.0,Some Loop 'L' trains are operating with residual delays after earlier track switching problems at Clark/Lake; service is resuming.,65,CTA
365,-0.4019,Mon Apr 09 14:29:39 +0000 2018,0.863,0.137,0.0,Loop 'L' trains are operating with major delays after earlier track switching problems at Clark/Lake; service is resuming.,66,CTA
366,-0.4019,Mon Apr 09 14:25:10 +0000 2018,0.863,0.137,0.0,Loop 'L' trains are operating with residual delays after earlier track switching problems at Clark/Lake; service is resuming.,67,CTA
367,-0.4019,Mon Apr 09 14:21:14 +0000 2018,0.87,0.13,0.0,Some Kimball-bound Brown Line trains are operating with residual delays after an earlier door problem on a train at‚Ä¶ https://t.co/uCoKvoBCib,68,CTA
368,-0.128,Mon Apr 09 14:12:31 +0000 2018,0.776,0.123,0.1,Kimball-bound Brown Line trains are standing at Washington/Wells due to a door problem on a train; crews working to restore service.,69,CTA
369,0.0,Mon Apr 09 13:50:54 +0000 2018,1.0,0.0,0.0,.@Cubs home opener today! From streetcars‚Ä¶ to rapid transit and modern buses‚Ä¶ we‚Äôve gotten you to #WrigleyField for‚Ä¶ https://t.co/KTyIny7ReR,70,CTA
370,0.0,Mon Apr 09 13:29:15 +0000 2018,1.0,0.0,0.0,Some Forest Park-bound Blue Line trains are operating with residual delays from Cicero; service is resuming.,71,CTA
371,0.0,Mon Apr 09 12:54:17 +0000 2018,1.0,0.0,0.0,"71 71st/South Shore buses are temporarily rerouted via South Chicago, 69th, Anthony, St. Lawrence, 71st, and South Chicago.",72,CTA
372,0.0,Mon Apr 09 12:48:09 +0000 2018,1.0,0.0,0.0,Some 95th-bound Red Line trains are operating with residual delays after earlier police activity at Thorndale; service is resuming.,73,CTA
373,0.296,Mon Apr 09 12:42:48 +0000 2018,0.879,0.0,0.121,95th-bound Red Line trains are standing at Thorndale due to police activity; crews working to restore service.,74,CTA
374,-0.4019,Mon Apr 09 12:19:26 +0000 2018,0.856,0.144,0.0,Some Harlem-bound Green Line trains are operating with residual delays after earlier signal problems near 35th-Bron‚Ä¶ https://t.co/qlD5du8aNv,75,CTA
375,-0.128,Mon Apr 09 12:16:17 +0000 2018,0.754,0.136,0.111,Harlem-bound Green Line trains are standing near 35th-Bronzeville-IIT due to signal problems; crews working to restore service.,76,CTA
376,-0.4019,Mon Apr 09 12:01:48 +0000 2018,0.87,0.13,0.0,Some Harlem-bound Green Line trains are operating with residual delays after earlier signal problems near Garfield; service is resuming.,77,CTA
377,-0.128,Mon Apr 09 11:55:36 +0000 2018,0.754,0.136,0.111,Harlem-bound Green Line trains are standing near Garfield due to signal problems; crews working to restore service.,78,CTA
378,0.0,Mon Apr 09 10:08:43 +0000 2018,1.0,0.0,0.0,The temporary reroute of westbound 95 95th buses near 95th/Stony Island has ended.,79,CTA
379,0.0,Sun Apr 08 21:15:49 +0000 2018,1.0,0.0,0.0,"WB 95 95th buses are temporarily rerouted via Stony Island, 103rd, Cottage Grove, 95th, and Woodlawn.",80,CTA
380,0.0,Sun Apr 08 17:22:47 +0000 2018,1.0,0.0,0.0,Some Harlem-bound Green and Loop-bound Orange Line trains are operating with residual delays after earlier signal p‚Ä¶ https://t.co/zi3bQv01xM,81,CTA
381,0.0,Sun Apr 08 16:03:57 +0000 2018,1.0,0.0,0.0,Some O'Hare-bound Blue Line trains are operating with residual delays from Belmont; service is resuming.,82,CTA
382,0.0,Sun Apr 08 15:06:42 +0000 2018,1.0,0.0,0.0,Some 95th-bound Red Line trains are operating with residual delays after earlier police activity at Roosevelt; service is resuming.,83,CTA
383,0.296,Sun Apr 08 14:59:28 +0000 2018,0.879,0.0,0.121,95th-bound Red Line trains are standing at Roosevelt due to a police activity; crews working to restore service.,84,CTA
384,0.0,Sun Apr 08 13:47:02 +0000 2018,1.0,0.0,0.0,Loop 'L' trains are operating with residual delays after an earlier unauthorized person on the tracks at Clark/Lake; service is resuming.,85,CTA
385,0.0,Sun Apr 08 13:14:44 +0000 2018,1.0,0.0,0.0,Some Loop 'L' trains are operating with major delays after an earlier unauthorized person on the tracks at Clark/Lake; service is resuming.,86,CTA
386,0.296,Sun Apr 08 13:01:34 +0000 2018,0.896,0.0,0.104,Loop 'L' trains are standing at Clark/Lake due to an unauthorized person on the tracks; crews working to restore service.,87,CTA
387,-0.5106,Sun Apr 08 12:01:20 +0000 2018,0.852,0.148,0.0,Some Howard-bound Red Line trains are operating with residual delays after an earlier sick employee at Roosevelt; service is resuming.,88,CTA
388,0.0,Sun Apr 08 12:00:44 +0000 2018,1.0,0.0,0.0,Let us ‚Äútake you out to the ballgame!‚Äù at Guaranteed Rate Field! Our Red and Green Line service takes you straight‚Ä¶ https://t.co/9YhxS2tWYk,89,CTA
389,0.0,Sun Apr 08 02:23:36 +0000 2018,1.0,0.0,0.0,The temporary reroute of 126 Jackson buses near Jackson/Troy has ended.,90,CTA
390,-0.4019,Sun Apr 08 00:32:05 +0000 2018,0.876,0.124,0.0,Some O'Hare-bound Blue Line trains are operating with residual delays after an earlier door problem on a train at L‚Ä¶ https://t.co/hquPLE4poh,91,CTA
391,-0.4019,Sun Apr 08 00:21:12 +0000 2018,0.876,0.124,0.0,Some 54th/Cermak-bound Pink Line trains are operating with residual delays after an earlier signal problem at Cicero; service is resuming.,92,CTA
392,0.0,Sat Apr 07 22:58:28 +0000 2018,1.0,0.0,0.0,"126 Jackson buses are temporarily rerouted via Jackson, Kedzie, Madison, Sacramento, and Jackson.",93,CTA
393,-0.5106,Sat Apr 07 19:53:20 +0000 2018,0.852,0.148,0.0,Some Forest Park-bound Blue Line trains are operating with residual delays after an earlier sick customer at UIC Ha‚Ä¶ https://t.co/9Rqrk6EA3d,94,CTA
394,-0.2732,Sat Apr 07 19:45:09 +0000 2018,0.756,0.147,0.098,Forest Park-bound Blue Line trains are standing at UIC Halsted due to a sick customer; crews working to restore service.,95,CTA
395,-0.5106,Sat Apr 07 19:25:57 +0000 2018,0.837,0.163,0.0,Some Howard-bound Red Line trains are operating with residual delays after sick customer at Belmont; service is resuming.,96,CTA
396,-0.2732,Sat Apr 07 19:20:05 +0000 2018,0.732,0.161,0.107,Howard-bound Red Line trains are standing at Belmont due to a sick customer; crews working to restore service.,97,CTA
397,-0.4019,Sat Apr 07 18:23:35 +0000 2018,0.87,0.13,0.0,Some Forest Park-bound Blue Line trains are operating with residual delays after an earlier mechanical problem on a‚Ä¶ https://t.co/FNkAGnuXrW,98,CTA
398,-0.128,Sat Apr 07 18:09:02 +0000 2018,0.786,0.118,0.096,Forest Park-bound Blue Line trains are standing at Rosemont due to a mechanical problem on a train; crews working to restore service.,99,CTA
399,-0.4019,Sat Apr 07 18:01:44 +0000 2018,0.863,0.137,0.0,Some O'Hare-bound Blue Line trains are operating with residual delays after an earlier mechanical problem on a trai‚Ä¶ https://t.co/HRh3p67ZmB,100,CTA
400,-0.694,Thu Apr 05 07:20:56 +0000 2018,0.583,0.417,0.0,"RT @PaquitaSalas: El spam, Cristina. MIRA EN EL SPAM. https://t.co/xZUpnLAmra",1,MARTA
401,0.0,Wed Apr 04 17:40:39 +0000 2018,1.0,0.0,0.0,RT @TwitterMktgES: ¬øQuieres saber cu√°les han sido las 10 campa√±as m√°s creativas del primer trimestre del a√±o en Twitter? üí•üëáüèº #BestOfTweets,2,MARTA
402,0.0,Wed Apr 04 11:57:52 +0000 2018,1.0,0.0,0.0,RT @GabrielEscarrer: ¬°Hola Twitter! Hoy empiezo una nueva aventura. Muy contento de formar parte de esta gran comunidad. #MyFirstTweet #MiP‚Ä¶,3,MARTA
403,0.4019,Tue Apr 03 21:56:25 +0000 2018,0.863,0.0,0.137,"RT @PeriscopeTVNews: Follow minute-by-minute updates of the active shooter situation at #YouTube's HQ in San Bruno, California. https://t.c‚Ä¶",4,MARTA
404,0.0,Mon Apr 02 15:18:19 +0000 2018,1.0,0.0,0.0,RT @angel_garco: Cuando te descalzas en la playa y la arena est√° ardiendo. https://t.co/ea5St5jeyA,5,MARTA
405,-0.4019,Thu Mar 22 14:56:53 +0000 2018,0.876,0.124,0.0,"RT @bhgreeley: Having studied my habits and preferences, my daughter hacked my attention this morning for her political agenda https://t.co‚Ä¶",6,MARTA
406,0.5106,Thu Mar 22 07:56:20 +0000 2018,0.887,0.0,0.113,"RT @Twitter: Over the past 12 years, you‚Äôve helped make Twitter what it is today. Here's a look back at some of the fun moments along the w‚Ä¶",7,MARTA
407,0.0,Wed Mar 21 12:58:55 +0000 2018,1.0,0.0,0.0,Twitter‚Äôs living a celebration üíÉüèº #12A√±os #LoveWhereYouWork https://t.co/crEqgJxPxR,8,MARTA
408,0.0,Mon Mar 19 20:40:00 +0000 2018,1.0,0.0,0.0,@Mar üòÇüòÇüòÇüòÇüòÇ,9,MARTA
409,0.0,Fri Mar 16 17:17:15 +0000 2018,1.0,0.0,0.0,@stewy415 I am Mat! Let‚Äôs meet in the commons at 12?,10,MARTA
410,-0.1027,Fri Mar 16 16:27:00 +0000 2018,0.928,0.072,0.0,@anismenal @BeitaArma You should hire him @BeitaArma he‚Äôs been practicing hard üé§ And he call me Martus too ‚òùüèª https://t.co/F3DpljoFdO,11,MARTA
411,-0.3818,Wed Mar 14 23:34:25 +0000 2018,0.86,0.14,0.0,RT @ShonaOT: The #CultureCommittee spent the afternoon packing emergency kits for @RedCrossBayArea at the @NeighborNest. #TwitterForGood is‚Ä¶,12,MARTA
412,0.0,Wed Mar 14 18:24:31 +0000 2018,1.0,0.0,0.0,@codinami Te voy a llevar de vuelta en la maleta ‚ô•Ô∏èü§ó,13,MARTA
413,0.0,Wed Mar 14 17:56:28 +0000 2018,1.0,0.0,0.0,@marisaabarrio @TwitterTogether Esto es daros ventaja Maris ‚òùüèª #vetepensando,14,MARTA
414,-0.5574,Wed Mar 14 17:34:32 +0000 2018,0.865,0.135,0.0,"RT @amnashanwar: ""Albert Einstein"" was born on a 14 March

""Stephen Hawking"" died today, 14 March

""Pi Day"" is on the 14th of March

""Time‚Ä¶",15,MARTA
415,0.0,Wed Mar 14 17:34:20 +0000 2018,1.0,0.0,0.0,Pero qu√© clase de titular es este cuando hemos perdido a uno de los mayores genios de la historia üò¶ https://t.co/hgKDuQL7rJ,16,MARTA
416,0.6124,Wed Mar 14 17:22:47 +0000 2018,0.81,0.0,0.19,@kersting @TwitterTogether @Candi @PaulSaiedi I‚Äôm in SF attending the workshop but they‚Äôll be going to Madrid tomorrow :),17,MARTA
417,0.7717,Wed Mar 14 17:19:33 +0000 2018,0.51,0.0,0.49,I commit to respect and value every team‚Äôs member voice. #GrowTogether @TwitterTogether,18,MARTA
418,0.0,Fri Mar 09 19:02:46 +0000 2018,1.0,0.0,0.0,"RT @norcoreano: .@realDonaldTrump Oye, ¬øvas a llevar una delegaci√≥n muy grande a la reuni√≥n? Es que he pensado que si vamos a llevar delega‚Ä¶",19,MARTA
419,0.0,Wed Mar 07 17:50:41 +0000 2018,1.0,0.0,0.0,RT @TwitterEspana: A partir de las 18:45 sigue en directo a trav√©s de Twitter la final de la Supercopa de Catalunya entre el @FCBarcelona y‚Ä¶,20,MARTA
420,0.0,Wed Mar 07 14:16:43 +0000 2018,1.0,0.0,0.0,"@escolano Buena suerte, amigo. May the force be with you üññüèº. Y si necesitas que te explique como quitarte las notif‚Ä¶ https://t.co/DmA2v04VNp",21,MARTA
421,0.0772,Tue Mar 06 20:01:27 +0000 2018,0.56,0.208,0.232,"RT @jimmykimmel: Thanks, lowest rated President in HISTORY. https://t.co/E01UgDaZ3T",22,MARTA
422,0.296,Mon Mar 05 07:40:08 +0000 2018,0.845,0.0,0.155,I stand with women today and every day. Join me as I say #HereWeAre https://t.co/lzthdRzhM5,23,MARTA
423,0.0,Thu Mar 01 19:09:33 +0000 2018,1.0,0.0,0.0,"Green Light by Lorde ‚ù§Ô∏è  #NowPlaying

https://t.co/9J1YlKHqwR",24,MARTA
424,0.8213,Thu Mar 01 11:18:01 +0000 2018,0.649,0.0,0.351,@christinecuoco @micksplusone @pattyskim @ciar_ra @galancantu It's been a pleasure working with this talented team once again üëèüèº,25,MARTA
425,0.0,Wed Feb 28 20:00:16 +0000 2018,1.0,0.0,0.0,Los pa‚Äô (leer) luego llegan a Twitter! üëáüèº#bookmarks https://t.co/r3SWPwVbyW,26,MARTA
426,0.0,Tue Feb 27 21:05:27 +0000 2018,1.0,0.0,0.0,"‚ÄúEl √©xito es tener la capacidad de poder elegir lo que quieres en tu vida...‚Äù üôåüèª
Y por eso siempre me gustaste tant‚Ä¶ https://t.co/cYonVV23dE",27,MARTA
427,0.34,Tue Feb 27 14:08:16 +0000 2018,0.882,0.0,0.118,"RT @24h_tve: ‚ñ∂ üì± @marta, de Marketing de @TwitterEspana ha entrevistado en el #MWC a  @gasparsimon_ , responsable de las redes sociales de‚Ä¶",28,MARTA
428,0.0,Tue Feb 27 10:32:56 +0000 2018,1.0,0.0,0.0,RT @BeitaArma: Arrancamos d√≠a 2 de #MWC18 con nuestro partner @24h_tve comentando la primera jornada #Barcelona #TwitterForNews https://t.c‚Ä¶,29,MARTA
429,0.3182,Sun Feb 25 09:45:23 +0000 2018,0.913,0.0,0.087,"RT @meiiosis: They call Muslim kids radicalised when they pray and wear the hijab, meanwhile this girl who looks about 12 at most is crying‚Ä¶",30,MARTA
430,0.0,Fri Feb 23 16:18:54 +0000 2018,1.0,0.0,0.0,RT @ElenaBule: üëáüëá https://t.co/1cWxc2sMPO,31,MARTA
431,0.0,Fri Feb 23 12:23:33 +0000 2018,1.0,0.0,0.0,@TwitterEspana #GraciasForges https://t.co/rSP6fHRE7C,32,MARTA
432,0.0,Fri Feb 23 12:20:30 +0000 2018,1.0,0.0,0.0,@abalos @BeitaArma @PaquitaSalas Yo soy muy 360 üíÅüèΩ‚Äç‚ôÄÔ∏è ¬øEso vale?,33,MARTA
433,0.0,Fri Feb 23 11:55:35 +0000 2018,1.0,0.0,0.0,@BeitaArma @abalos @PaquitaSalas Agradecida y emocionada üíô #always,34,MARTA
434,0.0,Fri Feb 23 11:34:09 +0000 2018,1.0,0.0,0.0,RT @TwitterEspana: Gracis @forges por esta dedicatoria. ¬°Ha sido un placer tenerte! https://t.co/WT5QzlWiK3,35,MARTA
435,-0.296,Fri Feb 23 11:31:51 +0000 2018,0.872,0.128,0.0,"Ayer ense√±amos a tuitear a @Amaia_ot2017 y @Alfred_ot2017. 
Y como si el d√≠a no hubiera sido ya suficientemente esp‚Ä¶ https://t.co/FyNSfEUDjJ",36,MARTA
436,0.0,Thu Feb 22 22:21:12 +0000 2018,1.0,0.0,0.0,@Pablo_Coiffeur @TwitterEspana @Amaia_ot2017 @Alfred_ot2017 Y yo m√°s enamorada de ti mi Pabliiiis,37,MARTA
437,0.0,Thu Feb 22 18:23:10 +0000 2018,1.0,0.0,0.0,"Gracias a estos dos grandes por venir hoy a #AcademiaTwitter.
üì∏: @PachiSantiago 
üëó: @LaCondesaConde
üë†:‚Ä¶ https://t.co/bX3OKTPO0G",38,MARTA
438,0.3182,Thu Feb 22 14:27:31 +0000 2018,0.909,0.0,0.091,RT @lavecinarubia: Muy muy fan de las dos chicas que est√°n con Amaia y Alfred en la  #AcademiaTwitter con la chaqueta de domador que nunca‚Ä¶,39,MARTA
439,0.0,Thu Feb 22 14:26:11 +0000 2018,1.0,0.0,0.0,"RT @patriciaesle: .@BeitaArma y @marta han sido las grandes profes de los Reyes de Espa√±a, Amaia y Alfred!! A ver cu√°nto han aprendido, lo‚Ä¶",40,MARTA
440,0.0,Thu Feb 22 14:24:54 +0000 2018,1.0,0.0,0.0,Despedimos #AcademiaTwitter con nuestros protagonistas. Gracias @Alfred_ot2017 y @Amaia_ot2017 por un d√≠a tan espec‚Ä¶ https://t.co/mMJNxYFgRV,41,MARTA
441,0.0,Thu Feb 22 14:15:55 +0000 2018,1.0,0.0,0.0,@Mar @Amaia_ot2017 #cuerpesitodedomadora ‚ô•Ô∏èü¶Å,42,MARTA
442,0.0,Mon Feb 19 18:43:07 +0000 2018,1.0,0.0,0.0,"RT @TwitterEspana: Aprende a tuitear con @Amaia_ot2017 el pr√≥ximo juevesüëáüèº 
#AcademiaTwitter https://t.co/fIjiQlCjTJ",43,MARTA
443,0.0,Fri Feb 16 10:53:32 +0000 2018,1.0,0.0,0.0,"RT @ElenaBule: ""Los hilanderos de Twitter. Desde hace a√±os, los tuiteros esquivan el l√≠mite de espacio haciendo hilos ... Esta pr√°ctica ha‚Ä¶",44,MARTA
444,0.0,Thu Feb 15 13:35:06 +0000 2018,1.0,0.0,0.0,RT @TwitterEspana: @Amaia_ot2017 Tambi√©n te daban miedo los sustos de @Roi_ot2017 üòúüòÄ ¬øTe vienes a @TwitterEspana a una masterclass el pr√≥xi‚Ä¶,45,MARTA
445,0.3612,Wed Feb 14 11:17:39 +0000 2018,0.762,0.0,0.238,Someone is getting ready for tonight üôÑ #respect #PSGREAL https://t.co/WnfuSljy2k,46,MARTA
446,0.0,Mon Feb 12 18:46:03 +0000 2018,1.0,0.0,0.0,@Mar Not again gracias ‚úåüèº,47,MARTA
447,-0.5574,Mon Feb 12 16:01:15 +0000 2018,0.735,0.265,0.0,¬øCoger√© yo alg√∫n d√≠a de estos un vuelo sin retraso? #pregunto,48,MARTA
448,0.0,Fri Feb 09 18:48:02 +0000 2018,1.0,0.0,0.0,RT @Amaia_ot2017: que respuestas tan bonitasüíï estoy como muy nerviosa por esto de twitter os lo prometo,49,MARTA
449,0.0,Fri Feb 09 13:21:49 +0000 2018,1.0,0.0,0.0,"RT @ABCalmaestra: Mi hija (mayor) hablando con mi hijo (peque√±ito)
-Lo que mola es tener m√°s seguidores que seguidos.
-No, es mejor tener m‚Ä¶",50,MARTA
450,0.6908,Thu Feb 08 14:46:30 +0000 2018,0.705,0.0,0.295,"RT @gchampeau: Twitter is now profitable, and they did it without selling their soul and spirit. Well done. https://t.co/SJVKt7iLmr",51,MARTA
451,0.9117,Thu Feb 08 08:33:38 +0000 2018,0.437,0.0,0.563,@Cloobrien @Twitter Best of luck Clo! It‚Äôs been great working with you ü§ó,52,MARTA
452,0.0,Wed Feb 07 20:58:31 +0000 2018,1.0,0.0,0.0,@carlotafabregas @Aitana_ot2017 Faltar√≠a m√°s!üë©üèæ‚Äçüç≥,53,MARTA
453,0.0,Wed Feb 07 16:40:15 +0000 2018,1.0,0.0,0.0,Ojal√° San Jacobos en Twitter con @Aitana_ot2017 üôèüèª https://t.co/MYYjMIiKSd,54,MARTA
454,0.0,Wed Feb 07 08:14:39 +0000 2018,1.0,0.0,0.0,"RT @elonmusk: View from SpaceX Launch Control. Apparently, there is a car in orbit around Earth. https://t.co/QljN2VnL1O",55,MARTA
455,0.0,Tue Feb 06 08:19:02 +0000 2018,1.0,0.0,0.0,"RT @DaniMateoAgain: Acabo de escuchar en la gala de OT: en la m√∫sica est√°n los cracks, los megacracks, los supercracks y luego est√°s t√∫, Am‚Ä¶",56,MARTA
456,0.0,Tue Feb 06 08:18:27 +0000 2018,1.0,0.0,0.0,RT @Teatro_Real: ¬°Nieva en Madrid! Mirad las vistas desde el balc√≥n del Teatro Real üòç ¬°Un d√≠a √∫nico! üèõ‚òÉÔ∏è‚ùÑÔ∏è #NievaEnMadrid #TeatroReal200A√±o‚Ä¶,57,MARTA
457,-0.7263,Mon Feb 05 22:42:58 +0000 2018,0.736,0.264,0.0,"@BeitaArma @Aitana__OT17 Desde mi desconocimiento por no haber visto todo el programa, es mi favorita sin duda! Cuanto arte",58,MARTA
458,0.0,Mon Feb 05 11:00:59 +0000 2018,1.0,0.0,0.0,Descubrir que nieva antes de meterte en las stories de Instagram‚òùüèº,59,MARTA
459,0.0,Thu Feb 01 18:23:38 +0000 2018,1.0,0.0,0.0,La mejor noticia de la semana üëáüèºüê∂ https://t.co/c8NMLO70dg,60,MARTA
460,0.0,Thu Feb 01 13:01:06 +0000 2018,1.0,0.0,0.0,@Javizarra Hola Javi! Nos sigues de vuelta en @TwitterMktgEs? üëãüèº,61,MARTA
461,0.0,Thu Feb 01 10:52:49 +0000 2018,1.0,0.0,0.0,RT @mariofernandez: Creo que mi vecino de arriba es Luigi https://t.co/mfTuQTq0fc,62,MARTA
462,-0.5267,Wed Jan 31 18:09:35 +0000 2018,0.672,0.328,0.0,RT @NetflixES: Ya no hay excusas para no entendernos. #BlackMirror https://t.co/BpO9ZQIOoT,63,MARTA
463,0.0,Wed Jan 31 16:52:11 +0000 2018,1.0,0.0,0.0,@laurentbuanec @ladespensa @OgilvyES @WinkTTD @FundlaCaixa @TwitterEspana @planerpila @NathaliePicquot @ajos Thank‚Ä¶ https://t.co/RAkFA3Gtvv,64,MARTA
464,0.3595,Wed Jan 31 16:47:37 +0000 2018,0.889,0.0,0.111,"Today, for every tweet and retweet using #BellLetsTalk, Bell will donate 5¬¢ to mental health initiatives in Canada. Join the conversation!",65,MARTA
465,0.0,Wed Jan 31 12:58:45 +0000 2018,1.0,0.0,0.0,"RT @AtticusFinchlib: Mary Badham (Scout) mantuvo el contacto con Gregory Peck hasta su muerte, cuarenta a√±os despu√©s de rodar Matar un ruis‚Ä¶",66,MARTA
466,0.0,Tue Jan 30 21:41:56 +0000 2018,1.0,0.0,0.0,RT @NathaliePicquot: Y los ganadores de #PoweredByTweets son 1) Jaula de Oro: #Invisible de @WinkTTD 2) Jaula de Plata: #Pentuit de @Ogilvy‚Ä¶,67,MARTA
467,0.3818,Tue Jan 30 19:17:52 +0000 2018,0.86,0.0,0.14,"RT @laurentbuanec: Creativity with a cause
10 projects to drive change
#PoweredByTweets with our partner @FundlaCaixa üá™üá∏ https://t.co/7OPXH‚Ä¶",68,MARTA
468,0.0,Wed Jan 24 14:08:01 +0000 2018,1.0,0.0,0.0,@ChristianHR88 @ThePeakyBlinder @BBCTwo  https://t.co/WRe8giKTF2,69,MARTA
469,0.0,Wed Jan 24 14:00:53 +0000 2018,1.0,0.0,0.0,"@ChristianHR88 @PeakyBlinders__ ¬øDe verdad hay 5¬™ temporada? El cierre de la cuarta me ol√≠a a final! 
Si hay que es‚Ä¶ https://t.co/DlwwxmybNk",70,MARTA
470,0.0,Wed Jan 24 13:17:46 +0000 2018,1.0,0.0,0.0,Este hilo. ‚ô•Ô∏èüëáüèº https://t.co/etMTvl2c7X,71,MARTA
471,0.0,Wed Jan 24 13:03:35 +0000 2018,1.0,0.0,0.0,@jaimepele @BeitaArma @Vhender @PeakyBlinders__  https://t.co/dYSRcqjvDR,72,MARTA
472,0.34,Wed Jan 24 07:46:22 +0000 2018,0.893,0.0,0.107,"RT @norcoreano: El que se ha acercado a Puigdemont para que besase una bandera de Espa√±a, molestarle mientras com√≠a y recordarle que puede‚Ä¶",73,MARTA
473,0.5859,Mon Jan 22 21:57:23 +0000 2018,0.648,0.0,0.352,@jakesteadman @ThePeakyBlinder And this is the winner üëèüèª,74,MARTA
474,0.0,Mon Jan 22 21:55:31 +0000 2018,1.0,0.0,0.0,@ToniSerrano10 @PeakyBlinders__ Es de mis favoritas!!,75,MARTA
475,0.0,Mon Jan 22 21:55:16 +0000 2018,1.0,0.0,0.0,"RT @TwitterEspana: ¬°Atenci√≥n! Twitter NUNCA te pedir√° que proporciones tu contrase√±a o datos personales en un correo electr√≥nico, un Mensaj‚Ä¶",76,MARTA
476,0.0,Mon Jan 22 16:59:48 +0000 2018,1.0,0.0,0.0,@sonytains @PeakyBlinders__ Vistas! The Sinner me encant√≥,77,MARTA
477,0.0,Mon Jan 22 16:55:25 +0000 2018,1.0,0.0,0.0,"Hoy empiezo serie nueva üëãüèº

Y es una faena porque acabo de terminar la 4¬™ temporada de @PeakyBlinders__ y ninguna e‚Ä¶ https://t.co/fHezCL43EH",78,MARTA
478,0.0,Sun Jan 21 09:56:09 +0000 2018,1.0,0.0,0.0,‚ô•Ô∏è #LoveMadrid https://t.co/5eqPhjZApV,79,MARTA
479,0.0,Mon Jan 15 20:11:59 +0000 2018,1.0,0.0,0.0,"RT @U_D_Almeria: Navas, tercer jugador del filial que debuta con el primer equipo en la Liga
https://t.co/BIPfdRF0LU https://t.co/fbAQD8rq21",80,MARTA
480,0.0,Mon Jan 15 19:31:49 +0000 2018,1.0,0.0,0.0,"David Bisbal anuncia que se casa. Ahora s√≠ que es #BlueMonday, ¬øverdad @Mar?",81,MARTA
481,0.0,Mon Jan 15 13:45:08 +0000 2018,1.0,0.0,0.0,@Joaquin_Vela @marupejus @Mar Y la influencia de @Stranger_Things,82,MARTA
482,0.0,Sun Jan 14 20:44:37 +0000 2018,1.0,0.0,0.0,"Bellezas de Andaluc√≠a y sobre todo el arte de @Vhender para crear, v√≠deos y todo lo que quiera y se proponga ‚ô•Ô∏è https://t.co/DrlZEvcfzp",83,MARTA
483,0.5719,Sat Jan 13 08:06:03 +0000 2018,0.73,0.0,0.27,RT @AndUlv: Trump loves Norway because we grow his hair. https://t.co/IWMzelqYIQ,84,MARTA
484,0.5574,Wed Jan 10 22:04:22 +0000 2018,0.833,0.0,0.167,RT @TeresaViejo: La nueva forma de hacer televisi√≥n: m√°s de 50.000 personas en #Periscope esperando esto. Admirable @Gestmusic @OT_Oficial‚Ä¶,85,MARTA
485,0.0,Wed Jan 10 12:18:52 +0000 2018,1.0,0.0,0.0,Muuchas ganas de World Cup üëèüèª#WC18 https://t.co/B5eQW7PXUb,86,MARTA
486,0.0,Wed Jan 10 11:56:17 +0000 2018,1.0,0.0,0.0,Change It All by Harrison Storm https://t.co/qvJ4pBm8kB #NowPlaying,87,MARTA
487,0.0,Mon Jan 08 22:32:02 +0000 2018,1.0,0.0,0.0,RT @OT_Oficial: ü§´ El pr√≥ximo mi√©rcoles 10 de enero lxs chicxs vivir√°n un plan muy especial. Si quieres ver el #sorpresOT y que te avisemos‚Ä¶,88,MARTA
488,0.0,Mon Jan 08 22:11:03 +0000 2018,1.0,0.0,0.0,#MueveteComoUnMillonario https://t.co/a0pBCpglhg,89,MARTA
489,0.0,Mon Jan 08 10:53:05 +0000 2018,1.0,0.0,0.0,La vuelta al trabajo con un calendario de @lavecinarubia S√ç que es de guapas. #agradecidayemocionada https://t.co/R61qRt1QhV,90,MARTA
490,-0.6901,Sun Jan 07 19:18:24 +0000 2018,0.561,0.439,0.0,RT @AoDespair: So fucked we are. https://t.co/jnO5OYlE1D,91,MARTA
491,0.0,Sun Jan 07 14:00:13 +0000 2018,1.0,0.0,0.0,@Joaquin_Vela üôÑ #BeKind #NewYearNewMe,92,MARTA
492,0.0,Sun Jan 07 10:14:32 +0000 2018,1.0,0.0,0.0,"Con estas cosas recupero, un poco, la fe en el ser humano ‚ô•Ô∏è

https://t.co/TKkvMISyM3",93,MARTA
493,0.0,Sat Jan 06 18:03:04 +0000 2018,1.0,0.0,0.0,RT @TraedRuffles: Ten√©is Instagram que parece el rastro.,94,MARTA
494,0.0,Fri Jan 05 21:05:56 +0000 2018,1.0,0.0,0.0,RT @francjcf: Solo pido una oportunidad. Gracias a todos por su difusi√≥n. https://t.co/r3KCuvjnTd,95,MARTA
495,0.5707,Fri Jan 05 15:14:19 +0000 2018,0.83,0.0,0.17,"RT @sourenian: We're hiring a #Research Analyst in Madrid! #jobs #Trabajo #Empleo If you're passionate about Twitter, Media, Insights, Tren‚Ä¶",96,MARTA
496,0.6369,Thu Jan 04 16:30:45 +0000 2018,0.851,0.0,0.149,"RT @marcus_ismael: I love how everyone‚Äôs first reaction in an #earthquake in SF is to tweet and not, you know, not tweet and try to survive.",97,MARTA
497,0.0,Fri Dec 22 17:31:33 +0000 2017,1.0,0.0,0.0,@Letelier1920 Felices 97 se√±or üòä,98,MARTA
498,0.3802,Fri Dec 22 10:46:20 +0000 2017,0.536,0.0,0.464,RT please! üëáüèº https://t.co/u5yB9C22FX,99,MARTA
